3	34
5	37
6	38
7	90
9	6442
12	158
13	175
14	183
16	210
17	212
20	270
26	350
27	355
28	367
29	383
32	435
33	443
35	538
39	594
41	675
44	710
45	717
47	729
48	732
52	825
55	917
56	959
59	1134
60	1145
61	1130
62	1161
63	1180
65	1188
69	1278
73	1294
74	1311
75	1356
76	1371
77	1376
78	1471
79	1476
80	1535
83	1643
84	1738
85	1806
88	1908
89	1910
91	2010
92	2022
93	2038
94	2052
95	2057
96	2071
100	2108
104	2153
106	2158
107	2169
108	2175
109	2176
110	2184
112	2206
113	2235
115	2271
117	2492
119	2519
120	2523
124	2581
125	2584
126	2592
129	2632
130	2639
131	2642
132	2643
134	2690
136	2697
137	2705
139	2737
141	2731
142	8001
143	2811
144	2815
145	2821
147	2934
148	2937
149	2956
152	3030
153	3032
156	3081
158	3145
159	3155
160	6910
163	3257
167	6448
168	3383
169	3423
170	3425
171	3426
172	3561
173	3630
175	3651
179	3691
180	182
181	3718
183	3736
185	102723475
187	3815
188	3859
191	3914
193	3952
194	6445
195	6443
197	3978
199	3990
200	4023
201	3757
203	4128
206	4233
207	4261
208	4292
210	4436
212	4547
215	4607
219	4647
220	4653
221	4668
222	4669
223	5727
225	4693
226	4763
227	4860
228	4864
229	4867
230	4935
231	4942
233	4952
234	5053
236	5095
237	5158
239	5184
240	5193
242	5191
246	5256
247	5257
250	5310
253	5317
254	5320
256	5351
257	5373
259	5449
260	5456
262	5498
264	5627
265	5728
266	5741
267	5745
268	5805
269	5828
270	5830
271	5860
272	5925
273	5961
276	6094
279	6247
281	6310
283	6329
285	6444
286	6557
287	6559
292	6606
292	6607
293	6622
294	6662
295	6710
297	6770
298	24
303	6948
306	7051
307	7054
308	7056
309	7137
313	7172
314	7248
315	7253
317	7276
319	7372
320	7389
324	7498
327	326
328	338
330	642
331	788
332	846
333	1026
334	1121
335	1200
339	1439
344	2068
345	2132
347	2582
349	2760
350	2798
352	2820
353	2978
358	3295
359	3459
360	3559
362	3792
363	3872
369	4053
371	5048
372	4598
374	4688
375	4758
376	4854
377	5019
379	5122
380	5145
384	5339
385	5445
386	5664
387	5896
388	5993
389	6401
390	6555
392	6647
393	6794
394	6821
395	3172
396	6928
397	7010
398	7066
400	580
402	7291
403	190
405	213
408	272
409	275
413	353
416	546
417	551
418	713
420	1415
425	2161
426	2147
428	2243
429	2266
430	2488
433	2668
437	3074
441	3767
443	7436
444	4158
445	4359
446	5009
447	5096
448	5354
449	5378
452	5994
455	6295
456	6439
457	6609
459	6927
460	7157
461	7173
462	7249
463	7252
464	7306
465	7428
466	7450
467	1406
468	8200
469	3040
469	3039
472	731
473	3568
474	3570
475	2209
477	2214
477	2215
478	3586
479	1604
480	3552
481	3553
486	2638
487	3600
488	3558
489	730
491	3565
492	3578
493	929
495	6890
496	7124
497	4049
498	3484
499	3485
500	3486
502	3569
503	3082
504	4846
505	733
508	960
510	3481
511	3263
513	920
515	3479
519	624
521	974
522	4052
523	3588
524	3454
525	4689
526	3684
527	596
530	6648
531	2936
532	7448
533	356
534	3598
535	3589
536	178
537	729230
539	6402
540	7040
542	18
543	43
550	140
551	146
553	151
554	191
560	239
561	240
563	301
564	476
568	552
569	593
570	623
572	644
573	645
574	706
578	776
579	781
582	786
583	885
585	915
586	916
587	1081
591	1136
592	1137
593	1139
594	1140
595	1141
598	1384
599	1392
600	1437
601	1441
615	1621
616	1633
618	1644
620	1733
621	1734
623	1814
624	2056
625	2246
627	2350
628	2520
629	2554
631	2557
633	2562
635	2571
637	2618
638	2621
639	2677
640	2692
641	2796
645	2903
646	2904
647	2905
648	2906
649	2911
651	2913
654	2918
658	2947
660	2950
664	2983
665	2987
668	3269
669	3351
671	3359
673	3362
675	3384
676	3482
677	3554
679	3567
680	3574
681	3592
685	3694
692	4254
693	4256
695	1728
696	4835
697	4852
699	4883
700	4886
701	4887
708	5139
709	5140
712	5162
713	5241
715	5319
716	5322
717	5327
719	5345
721	5430
722	5431
723	5443
725	5447
726	5479
727	5480
730	5557
731	5558
732	5617
733	5618
734	5638
735	5639
736	5729
737	5730
738	5731
739	5732
741	5737
743	5742
747	6122
748	6124
756	6141
763	6152
766	6156
768	6158
776	6173
779	6188
783	6193
788	6204
794	6217
799	6228
803	6232
806	6240
810	6324
811	6337
813	6462
816	6530
817	6532
819	6750
820	6751
824	6870
825	6915
828	7132
829	7133
830	7153
833	7283
834	7298
838	7412
839	7535
840	7915
842	8654
843	8985
846	14
849	23
854	47
855	49
856	50
863	93
865	102
866	113
868	115
869	116
870	117
871	10227
872	123
873	133
874	141
875	159
878	165
879	166
881	173
883	177
884	242
886	247
888	267
896	318
897	320
898	322
899	330
900	329
901	331
906	384
907	394
908	396
910	406
911	419
912	433
913	501
914	537
915	563
916	571
917	578
920	608
922	631
923	637
924	638
925	639
926	650
927	651
929	659
930	662
931	687
933	701
936	813
942	858
946	902
947	904
949	943
950	944
954	958
955	968
956	970
960	996
963	1021
966	1031
968	1045
970	1102
975	1111
976	1113
979	1147
980	1153
981	1155
984	1179
985	1185
987	53405
989	9079
990	1207
992	1238
993	1258
994	1261
995	1264
996	1316
997	1325
999	1362
1000	1364
1001	1365
1002	1369
1003	1389
1006	1434
1011	1474
1012	1477
1014	1479
1015	1487
1016	1489
1017	1500
1020	1519
1022	1522
1024	1525
1026	1601
1027	1603
1028	1606
1029	1608
1032	1615
1033	1616
1034	1618
1035	1628
1038	1652
1039	1660
1040	1665
1042	1717
1043	1723
1044	1735
1045	1736
1046	1740
1047	1742
1048	1767
1049	1769
1052	58511
1053	1778
1057	1796
1058	1798
1059	1801
1060	1802
1061	1819
1064	1842
1065	1846
1066	1852
1068	1889
1069	1891
1071	1901
1072	1902
1075	1943
1076	1949
1077	1951
1078	1952
1080	1967
1088	2012
1089	2013
1090	2014
1094	2033
1095	2034
1097	2069
1099	2091
1100	2100
1102	2135
1103	2137
1106	2168
1108	2172
1110	2196
1114	2294
1115	2295
1117	2302
1119	2316
1126	2487
1127	2515
1132	2550
1133	2583
1135	2622
1136	2628
1137	2631
1138	2637
1139	2646
1140	2647
1145	2675
1146	2676
1148	2729
1152	2822
1153	2833
1155	2880
1158	2959
1159	2966
1160	2967
1161	2972
1165	3036
1166	3060
1168	3062
1170	3083
1171	3091
1174	3191
1180	3315
1182	3321
1185	3396
1186	3400
1187	3433
1189	3437
1192	3487
1193	3490
1194	3491
1195	3547
1196	3587
1197	3595
1198	3597
1199	3604
1200	3606
1201	3617
1203	3627
1204	3636
1205	3646
1207	3656
1208	3661
1212	5080
1213	16
1216	36
1217	53
1219	56
1221	119
1222	142
1223	156
1224	196
1225	197
1226	199
1227	204
1229	214
1231	241
1234	259
1235	262
1238	313
1240	327
1241	328
1242	336
1243	339
1245	346
1246	347
1249	369
1250	372
1251	373
1252	374
1255	379
1256	382
1260	402
1261	405
1263	432
1264	434
1265	467
1266	468
1272	522
1273	506
1275	515
1279	526
1281	528
1282	529
1283	539
1284	549
1286	570
1287	575
1288	576
1289	577
1290	9275
1291	611
1292	629
1293	633
1295	635
1297	640
1298	643
1300	654
1302	7006
1303	661
1307	680
1308	682
1309	685
1312	696
1313	715
1314	716
1318	794
1320	799
1323	819
1324	821
1326	824
1327	826
1328	833
1330	857
1331	861
1334	595
1335	899
1336	908
1337	912
1338	914
1341	930
1343	947
1345	952
1346	961
1347	962
1350	971
1352	978
1354	989
1355	993
1356	995
1359	1003
1361	1009
1363	1022
1365	1036
1366	1044
1367	1053
1368	1054
1369	1058
1370	1059
1371	1060
1373	1075
1375	1114
1382	1191
1383	1208
1384	1211
1387	1236
1389	1269
1390	1284
1391	1291
1392	1292
1393	1297
1396	1306
1397	1307
1399	1317
1406	1349
1412	790
1413	1374
1415	1382
1418	1393
1420	1404
1422	1413
1423	1414
1424	1428
1426	1447
1431	1490
1432	1491
1433	1495
1434	1499
1444	1629
1447	1638
1448	1642
1449	1647
1453	1725
1455	143098
1456	1743
1458	1805
1461	1822
1462	1825
1463	1828
1464	1829
1466	1839
1468	1849
1471	1874
1472	1875
1473	1876
1474	1890
1476	1906
1477	1907
1478	1909
1480	1933
1482	1946
1483	1950
1485	1961
1486	1962
1487	1974
1490	56648
1492	2005
1493	2015
1496	2039
1501	2067
1503	2109
1504	2118
1506	2125
1507	2128
1508	2140
1510	2149
1511	2152
1512	2165
1514	2199
1515	2201
1516	2205
1517	2208
1518	2219
1519	2224
1521	2247
1522	2249
1523	2254
1525	2287
1527	2308
1530	2331
1531	2332
1533	2335
1534	2339
1535	2342
1538	2526
1539	2531
1542	2549
1543	2551
1545	2596
1547	2617
1548	2619
1549	2623
1550	2625
1551	2626
1554	2670
1556	2701
1557	2730
1558	2740
1563	2769
1566	2776
1568	2799
1571	2805
1572	2806
1576	2885
1577	2896
1578	2901
1580	2922
1585	2962
1586	2979
1592	3035
1593	3064
1596	3096
1601	3111
1602	3112
1603	3119
1609	3157
1611	3163
1612	3164
1615	3211
1617	3213
1619	3236
1620	3242
1624	3308
1626	3329
1629	3394
1631	3397
1632	3398
1633	3399
1640	3456
1641	3489
1642	3508
1643	3556
1645	3572
1646	3575
1648	3593
1649	3596
1650	3601
1651	3605
1652	3623
1653	3624
1654	3625
1655	3628
1657	48
1658	3659
1659	3660
1661	3670
1662	3673
1664	3680
1666	3683
1667	3697
1668	3698
1669	3699
1670	3700
1671	3706
1672	3707
1673	3708
1675	3710
1676	3712
1677	3714
1678	3716
1679	3725
1680	3728
1683	3741
1684	3742
1687	3760
1688	3763
1689	3766
1690	3772
1691	3775
1692	3777
1693	3778
1696	3783
1701	3814
1705	3824
1707	3837
1708	3838
1710	3843
1712	3866
1713	3880
1715	3886
1717	3892
1718	3899
1719	3902
1720	3906
1722	3912
1723	3913
1724	3915
1730	3950
1731	3953
1734	3976
1735	3977
1736	3981
1738	3984
1741	4015
1742	4017
1744	4035
1745	4037
1746	4041
1747	4040
1750	4046
1752	4050
1753	4055
1754	4057
1758	4062
1759	4063
1762	4068
1763	4070
1764	4072
1767	4084
1768	4085
1770	7975
1771	4099
1776	4116
1777	4124
1778	4130
1779	4133
1780	4134
1782	4142
1783	4146
1785	4148
1786	4149
1788	4155
1789	4157
1791	4172
1792	4192
1793	4193
1794	4194
1795	6520
1800	4232
1801	4237
1803	4242
1804	4245
1806	4247
1808	4249
1811	4258
1813	4283
1814	4288
1820	4327
1821	4331
1824	4350
1825	4351
1826	4354
1829	4437
1830	4438
1832	4477
1833	4478
1834	4294
1835	4486
1836	4487
1837	4488
1838	4507
1839	4521
1840	4528
1842	3662
1843	4597
1844	4599
1846	4604
1847	4605
1849	4615
1850	4618
1854	4656
1855	4659
1857	4682
1858	4683
1859	4686
1861	4700
1864	4712
1865	4717
1866	4724
1867	4728
1869	4752
1870	4756
1871	4760
1872	4784
1873	4791
1875	4799
1876	4803
1877	4804
1878	4811
1879	4821
1880	10457
1884	4856
1886	4861
1887	4862
1888	4863
1891	4884
1892	4885
1895	4907
1896	4908
1897	4913
1898	4914
1901	4927
1902	4931
1903	4938
1905	100506658
1906	4953
1907	4957
1909	4968
1910	4973
1912	4982
1913	4983
1915	4994
1918	5002
1921	5023
1922	5024
1923	5025
1924	5026
1925	5027
1926	5028
1927	5029
1930	5045
1932	5049
1933	5050
1936	5058
1937	5064
1940	5074
1943	5100
1944	5105
1945	5111
1946	5118
1949	5129
1950	5132
1951	5134
1952	5138
1953	5142
1954	5147
1955	5148
1956	5150
1957	5151
1960	5159
1964	5174
1965	5176
1966	5187
1967	5194
1969	5199
1972	5204
1974	5217
1978	5228
1979	5236
1980	5245
1981	5255
1982	5277
1984	5284
1986	5289
1990	5304
1993	5324
1994	5326
1997	5335
2000	5341
2001	5346
2003	5355
2004	5356
2013	5423
2014	5424
2015	5427
2016	5428
2017	5432
2018	5434
2019	5436
2023	5459
2026	5493
2027	5495
2032	5510
2033	5514
2035	5520
2038	5531
2039	5539
2041	5549
2042	5550
2043	5552
2044	5553
2054	5586
2055	23683
2056	5589
2058	5596
2060	5598
2063	5604
2069	5629
2073	5636
2075	5651
2080	5682
2081	5683
2082	5684
2083	5685
2084	5686
2085	5687
2086	143471
2087	5689
2088	5690
2089	5691
2090	5692
2092	5694
2093	5695
2094	5698
2095	5700
2096	5701
2097	5702
2098	5705
2100	5707
2101	5708
2102	5709
2104	5713
2106	5715
2108	5717
2109	5718
2110	5719
2111	10197
2113	5744
2117	5764
2119	5770
2120	5775
2121	5780
2122	5781
2125	5787
2126	5788
2129	5793
2130	5795
2134	5799
2135	5801
2136	5803
2137	5816
2138	5818
2140	5825
2142	5832
2143	5833
2145	5837
2149	5865
2155	5888
2156	5892
2162	5906
2163	5909
2166	5918
2167	5919
2168	5921
2169	5924
2172	5933
2175	5947
2176	5955
2177	5957
2179	5959
2180	4771
2182	5966
2184	5973
2185	5976
2187	5981
2188	5983
2189	5989
2191	5996
2192	5997
2193	6000
2195	6002
2196	6004
2197	6011
2198	6014
2199	6045
2202	246243
2204	6050
2205	6059
2206	6091
2207	6098
2208	6117
2212	6182
2213	6184
2214	6185
2218	6239
2220	6256
2223	6274
2224	6276
2225	6279
2227	6280
2228	6281
2229	6294
2230	6299
2232	6304
2234	6311
2236	6320
2237	6335
2241	6357
2242	414062
2244	6352
2245	6347
2246	6361
2247	6366
2248	6369
2250	6375
2251	6376
2252	6382
2253	6383
2255	6390
2256	6391
2260	6403
2261	6404
2263	6415
2266	6422
2267	6424
2268	6425
2271	6440
2272	6441
2275	6451
2276	6452
2277	6453
2281	6480
2282	6489
2283	6491
2289	6524
2290	6529
2291	6533
2297	10568
2298	6571
2302	6585
2303	6586
2305	6590
2308	6595
2310	6598
2312	6601
2314	6604
2317	6617
2318	6618
2320	6620
2321	6621
2322	6623
2325	6627
2331	6640
2332	6643
2333	6646
2334	6649
2336	6653
2338	6659
2340	6668
2341	6671
2342	6675
2343	6676
2346	6688
2353	6709
2354	6711
2355	6713
2361	6728
2362	6729
2364	6734
2365	6737
2366	6741
2368	6745
2369	6746
2371	6769
2373	6778
2374	6781
2376	6787
2380	6801
2381	6811
2382	6812
2384	6829
2386	6832
2387	6834
2388	6839
2389	6847
2390	6850
2391	6855
2393	6862
2394	6863
2395	6868
2398	6876
2400	6886
2401	6892
2402	6903
2404	6908
2407	6925
2408	6929
2411	6936
2412	4780
2414	6943
2415	6996
2416	6997
2418	7003
2419	7009
2421	7020
2422	339488
2423	7022
2424	7023
2425	10139
2426	7031
2427	7033
2428	7036
2429	7037
2430	7038
2431	7039
2432	7042
2433	7043
2434	7044
2435	7048
2436	7049
2438	7058
2441	7069
2443	7074
2444	7077
2445	7082
2447	7087
2449	7095
2453	7106
2454	7107
2455	3930
2459	7122
2462	7135
2467	7150
2468	7164
2469	7165
2471	7174
2475	7182
2476	7184
2478	7220
2481	7260
2482	7262
2484	7264
2485	7265
2486	5611
2487	7267
2488	7080
2489	7272
2490	7284
2491	7287
2492	7288
2495	7292
2496	7293
2497	7294
2502	7318
2506	7322
2508	7326
2514	7341
2515	7349
2516	7351
2517	7352
2518	7356
2520	7358
2522	7369
2524	7378
2525	7384
2527	7392
2528	7398
2530	7410
2531	7411
2534	7422
2536	7425
2538	7431
2539	7432
2540	7434
2541	7443
2542	7447
2546	7464
2550	7479
2551	7484
2554	7514
2555	7518
2556	7528
2558	7538
2560	7541
2561	7543
2562	7545
2567	7555
2568	7584
2569	7629
2572	169841
2575	7709
2580	7755
2586	7802
2587	7803
2589	7849
2590	7855
2591	7857
2592	7874
2593	7913
2595	8045
2597	8065
2599	8076
2603	8111
2606	8204
2608	8260
2614	8312
2616	8318
2617	8323
2619	8326
2626	8372
2628	8382
2634	8396
2635	8398
2636	8399
2637	8402
2640	8408
2643	8416
2645	8425
2647	8427
2652	8439
2657	8448
2658	8449
2660	8450
2661	8452
2662	8453
2663	8454
2664	8456
2666	8459
2667	8460
2668	8462
2670	6790
2672	8468
2675	8477
2676	8480
2677	8481
2678	8482
2679	8483
2680	9497
2682	8490
2683	8491
2685	8496
2688	8501
2689	8502
2690	8503
2691	8504
2693	8506
2694	8507
2695	8508
2697	8515
2698	8517
2699	8518
2701	8520
2702	8521
2705	8526
2708	8531
2709	8532
2710	8533
2711	8534
2712	8535
2714	8537
2715	8538
2716	8540
2717	8544
2718	8545
2722	8553
2724	8557
2726	8559
2729	8564
2730	8565
2731	8566
2734	8570
2735	8572
2736	8573
2737	8574
2738	8575
2739	8576
2741	8578
2742	8581
2743	8590
2744	8600
2745	8601
2746	8603
2751	8609
2752	8612
2753	8614
2754	8615
2755	8618
2758	8622
2759	8624
2760	8625
2762	8629
2764	8631
2765	8633
2766	8634
2768	8636
2769	8638
2770	8639
2771	8642
2773	8645
2774	8646
2775	8650
2776	8651
2778	8660
2779	8661
2780	8662
2781	8663
2782	8664
2783	8665
2784	8666
2785	8667
2786	8668
2789	8672
2791	8675
2792	8676
2794	8678
2797	8690
2799	8698
2800	64976
2801	8701
2804	8704
2805	8705
2807	8717
2808	8720
2809	8721
2811	401548
2813	8725
2814	8726
2815	8727
2816	8731
2820	8737
2821	8738
2822	8740
2824	8743
2826	8745
2829	8751
2830	8756
2833	8764
2836	8772
2838	8774
2839	8775
2840	8776
2841	8777
2843	8780
2844	8785
2845	8787
2846	8788
2847	8790
2848	8792
2850	8796
2852	8799
2854	8801
2856	8803
2859	8807
2860	8808
2861	8809
2862	9173
2863	8811
2865	8813
2866	8815
2867	8817
2869	8819
2871	3631
2872	8822
2875	8828
2876	8829
2879	8834
2880	8835
2881	8836
2882	8839
2883	8840
2887	8852
2888	8853
2890	8858
2891	8861
2893	8869
2894	8870
2895	8874
2897	8879
2899	8881
2900	8882
2902	8888
2903	8893
2904	8894
2906	8896
2908	8905
2912	8915
2914	8928
2916	8930
2917	53615
2918	8932
2919	8935
2920	8936
2921	6767
2923	8940
2924	8941
2925	8942
2926	8943
2929	8987
2930	8991
2931	8992
2935	9001
2937	9016
2939	9019
2940	9020
2941	9021
2942	9023
2944	9025
2946	9028
2947	9032
2948	9034
2949	9037
2951	9039
2952	9040
2953	9172
2954	9043
2957	9046
2958	9047
2959	9049
2961	9052
2965	9058
2966	8711
2967	8424
2968	5076
2970	4882
2971	4790
2972	9180
2974	2213
2975	2706
2978	109
2979	271
2981	408
2983	471
2984	475
2985	498
2986	533
2987	567
2988	597
2989	599
2990	664
2991	705
2992	719
2994	56267
2995	900
2997	1014
2999	1027
3000	1173
3001	1175
3006	1351
3008	1417
3011	1639
3012	1649
3014	1791
3018	1892
3019	1948
3020	1965
3021	1978
3022	1979
3023	2018
3025	2070
3028	2202
3029	2207
3030	2217
3031	2220
3033	2232
3034	2237
3035	2256
3036	2258
3037	2259
3038	2289
3040	2322
3043	2695
3045	2791
3046	2873
3050	3026
3054	3779
3055	3929
3057	4435
3058	4650
3059	4713
3060	4733
3064	5576
3065	5623
3066	5697
3069	5873
3070	5948
3071	6236
3073	6389
3074	6470
3075	6506
3078	6634
3079	6720
3081	10010
3084	7453
3098	9099
3100	9131
3101	9143
3106	9158
3107	9166
3110	9232
3112	9246
3113	9248
3114	9258
3116	9265
3118	9294
3119	9296
3120	9306
3121	9308
3123	9314
3125	9319
3129	221037
3132	9340
3133	9343
3134	2834
3135	9364
3136	51209
3137	9368
3138	9373
3140	9390
3141	9392
3142	9398
3144	9401
3145	9403
3147	10505
3148	9412
3149	9415
3150	9435
3151	9440
3152	9442
3153	9443
3155	9456
3156	9469
3157	9472
3158	9477
3159	9487
3160	9512
3161	9521
3162	9531
3165	9567
3167	9595
3168	9603
3169	9607
3170	9610
3171	9615
3173	9618
3175	22
3177	7046
3180	399
3182	407
3183	409
3189	572
3190	573
3191	607
3192	613
3193	617
3194	663
3195	665
3197	673
3198	683
3201	734
3202	753
3203	754
3208	901
3209	972
3210	54926
3211	1050
3213	1181
3214	1235
3215	1265
3217	1303
3218	1314
3219	1337
3221	1353
3222	1381
3223	1385
3228	1462
3229	1463
3230	1482
3231	1486
3233	1582
3234	1605
3235	1611
3236	1627
3238	1656
3240	1676
3241	1677
3242	1687
3243	4735
3244	1746
3247	1760
3249	1787
3251	1827
3254	1843
3255	1844
3256	1847
3259	1877
3260	1893
3262	1942
3263	1947
3265	1999
3272	2059
3273	2064
3274	2079
3275	2110
3276	2119
3277	2134
3278	2181
3279	1803
3280	2193
3281	2222
3282	2245
3283	2250
3284	2255
3285	2262
3288	2277
3290	2297
3291	2304
3292	2306
3293	2319
3294	10003
3295	2483
3296	2529
3297	2590
3299	2786
3300	2801
3303	2888
3304	2958
3306	3068
3307	3169
3308	3171
3309	3175
3315	3422
3318	3611
3320	3796
3322	3832
3323	3993
3325	4171
3326	4222
3327	4259
3329	4313
3331	4606
3332	4661
3334	4675
3336	4685
3337	4694
3338	4696
3341	4708
3342	4710
3343	4716
3344	4718
3346	4722
3349	4776
3351	4855
3354	5017
3355	5071
3356	5106
3357	5188
3361	5283
3362	5288
3363	5316
3364	5318
3370	5871
3371	5876
3373	6327
3374	6341
3375	6364
3380	6626
3381	6633
3383	6738
3384	6780
3388	6902
3389	6911
3391	7052
3392	7084
3393	7104
3394	7156
3395	7189
3397	7247
3399	7433
3401	7508
3402	2189
3404	7818
3408	7879
3409	7917
3411	8099
3412	8106
3413	8161
3415	8193
3416	8209
3416	102724023
3418	8239
3419	5927
3420	8313
3421	8314
3422	8436
3423	8437
3424	8510
3425	1654
3426	8697
3430	8924
3432	9022
3435	9064
3436	9070
3437	9104
3438	8404
3440	9110
3441	9111
3442	9112
3444	9114
3446	9128
3447	9129
3448	9130
3451	9135
3452	9136
3454	9138
3456	9145
3458	9147
3463	9167
3465	9170
3467	9179
3468	9181
3470	9184
3472	9187
3473	9188
3475	2107
3476	9197
3480	9219
3483	9227
3484	9228
3486	9231
3487	9236
3489	9244
3490	9247
3494	5863
3496	9270
3498	9274
3499	9276
3500	9283
3506	9331
3507	9334
3508	11251
3510	9338
3511	9341
3512	9342
3513	9348
3515	9352
3516	9353
3517	9354
3519	9358
3520	9360
3521	9361
3522	9363
3525	9370
3527	9372
3530	9389
3536	9404
3537	9409
3538	9410
3539	9411
3540	9413
3541	9414
3542	9416
3544	9420
3545	9421
3548	9425
3549	9427
3551	9437
3552	9439
3556	185
3557	9451
3560	9455
3561	9459
3562	9466
3564	9468
3566	9474
3570	9488
3572	1213
3573	8087
3574	9514
3576	9518
3577	9519
3581	9526
3583	9528
3584	9529
3586	9533
3587	9536
3588	9538
3589	9541
3590	9543
3591	9546
3592	9547
3594	9551
3595	9552
3597	9554
3598	9555
3600	114548
3601	112936
3603	9575
3604	9577
3606	9588
3607	9592
3608	9600
3610	9609
3615	9632
3619	755
3620	832
3621	926
3622	1013
3623	1020
3625	1497
3626	1612
3627	1653
3628	1659
3630	1776
3634	1833
3635	1944
3636	2115
3637	2475
3638	2516
3640	2662
3641	2984
3643	3150
3644	3381
3645	3416
3650	3748
3653	3761
3654	3764
3657	4204
3658	4287
3659	4318
3661	4608
3664	4698
3666	4704
3668	4714
3669	4715
3670	4719
3671	4795
3672	4809
3673	4833
3674	4899
3675	4919
3676	4925
3677	4958
3680	5130
3681	5133
3682	5137
3683	5169
3684	5216
3685	5229
3686	5293
3687	5296
3689	5309
3690	5347
3691	5348
3693	5393
3698	5551
3699	5649
3701	5746
3703	5826
3704	5859
3708	5913
3709	5929
3714	6421
3715	6492
3716	6493
3720	6900
3722	7494
3723	7701
3725	7941
3727	8082
3728	8227
3730	100137049
3732	8995
3733	9139
3736	9203
3737	9211
3738	9242
3740	9590
3742	9637
3744	9939
3745	9941
3746	9942
3749	9946
3751	9957
3752	9961
3754	9965
3755	9966
3759	9970
3760	9971
3762	9973
3763	9975
3766	9982
3768	9985
3769	9986
3772	2244
3773	2694
3774	55806
3778	9094
3779	9095
3780	9097
3782	9101
3783	25
3784	187
3785	207
3789	430
3790	466
3792	509
3795	535
3797	100532731
3800	823
3801	862
3802	867
3803	892
3804	941
3805	1033
3806	1046
3807	1051
3808	1052
3809	1112
3810	1146
3812	1326
3815	1411
3816	1419
3817	1436
3818	1448
3819	1475
3820	1493
3821	1650
3825	1749
3826	1773
3828	1869
3829	1903
3830	1945
3832	2002
3833	2004
3834	2017
3835	2041
3836	2072
3837	2113
3838	2114
3841	2248
3842	2268
3843	2290
3844	2353
3845	2355
3846	2580
3849	2644
3850	2660
3851	2661
3854	2672
3855	2674
3856	2702
3857	2703
3858	2709
3859	2735
3861	2787
3862	2794
3864	2823
3867	2828
3868	2835
3869	2838
3870	2843
3871	2846
3872	2848
3874	2859
3875	2861
3876	2864
3879	2869
3881	2886
3882	2887
3884	2928
3885	2965
3889	3010
3890	3029
3892	3037
3895	3049
3897	3052
3898	3054
3901	3071
3903	3093
3904	3094
3905	3104
3908	3309
3910	3727
3911	3932
3912	3991
3916	4151
3917	4168
3918	4234
3919	4342
3920	4355
3921	4610
3922	4613
3924	4681
3924	100532736
3927	4759
3928	4783
3934	5253
3936	5408
3938	5507
3941	5784
3942	5898
3944	6373
3945	6414
3946	653509
3947	6496
3948	6498
3951	6764
3952	6773
3954	6887
3955	7007
3956	7032
3957	7075
3958	7142
3959	7159
3960	7161
3961	7409
3962	7424
3963	7471
3964	7516
3965	7851
3967	8061
3968	8079
3971	8320
3973	9125
3974	9126
3975	9127
3976	9182
3977	9210
3979	9241
3980	9260
3981	9277
3982	9278
3983	9350
3987	9627
3990	10001
3991	10005
3994	10008
3995	10014
3996	10020
3997	10021
3999	10023
4002	10026
4003	10036
4004	10038
4005	10039
4007	10042
4011	10047
4015	10051
4016	10052
4017	8907
4018	10054
4019	10055
4021	321
4026	2315
4027	2615
4031	3195
4032	3198
4033	3207
4037	3419
4040	3430
4041	3460
4042	3594
4043	3612
4045	3632
4046	3635
4047	3638
4048	3640
4049	3667
4050	3671
4051	3702
4053	3735
4054	3744
4056	3831
4058	3855
4059	3898
4060	3911
4061	3916
4062	3918
4063	3925
4064	3934
4065	3937
4067	3959
4068	3975
4070	3998
4072	4005
4074	4016
4075	4026
4077	4064
4078	4066
4079	4091
4080	4205
4082	4329
4083	4361
4084	4593
4085	4617
4086	4774
4087	4781
4088	4782
4089	4807
4090	4808
4091	4817
4092	4818
4093	5010
4095	5454
4098	5934
4099	5978
4100	5999
4102	6039
4104	28514
4109	6370
4110	6386
4113	6535
4115	6608
4117	6654
4118	6658
4121	6845
4122	6857
4126	6884
4128	6907
4131	6942
4132	6999
4133	7014
4134	7024
4135	7071
4136	7113
4137	7158
4138	7185
4143	7681
4146	7844
4147	7903
4149	7993
4150	8000
4151	7596
4155	9015
4156	9289
4158	9569
4159	9580
4160	10056
4163	10066
4164	10067
4166	10073
4167	26284
4168	10076
4169	10078
4170	10081
4172	10084
4173	10087
4174	10090
4176	10092
4177	10093
4178	10094
4179	10095
4180	57180
4181	10097
4182	10098
4184	10102
4187	10109
4193	10123
4194	10124
4195	10125
4197	10127
4198	10130
4201	10135
4205	10143
4207	10148
4208	10149
4209	10152
4210	10153
4211	10154
4212	10157
4213	10158
4216	10164
4217	10171
4218	10174
4219	10175
4222	10184
4223	10186
4224	10188
4225	10190
4226	10193
4227	10194
4228	10195
4231	10201
4234	10206
4235	10208
4237	10210
4240	10213
4241	10215
4244	10219
4245	10223
4247	10226
4249	10232
4250	10235
4251	10236
4252	10237
4254	1176
4255	10240
4257	10242
4260	10246
4261	10247
4262	10248
4265	10251
4266	10252
4267	10253
4272	10263
4274	10266
4275	10267
4276	10268
4277	10269
4278	10270
4279	5813
4280	10272
4281	10273
4283	10276
4284	10278
4289	10284
4290	10285
4291	10286
4294	10291
4298	10296
4299	10297
4300	10298
4301	10299
4302	10300
4306	881
4308	2802
4309	3652
4310	4076
4313	4090
4314	4092
4316	4121
4317	4126
4320	4160
4321	4161
4322	4175
4323	4176
4324	4190
4327	4209
4330	4223
4332	4236
4333	4238
4334	4240
4335	4241
4336	4253
4337	4285
4338	4297
4339	4298
4340	4299
4342	4303
4344	4345
4347	4520
4349	4524
4350	4544
4351	4601
4352	4664
4353	4665
4354	4670
4356	5349
4359	6302
4360	6495
4363	6615
4368	6904
4371	6926
4373	7203
4374	7257
4377	7347
4378	7386
4380	7466
4383	7873
4384	8128
4385	8192
4390	8842
4391	338442
4392	10312
4393	8846
4394	8872
4395	8887
4397	8971
4399	9240
4400	9254
4404	9537
4407	9825
4408	9902
4414	10302
4415	10311
4417	10314
4421	10324
4424	10328
4425	10335
4426	10342
4427	10343
4430	3268
4431	10367
4432	10369
4433	10370
4436	10379
4437	10380
4440	10392
4441	10394
4442	10395
4443	51761
4446	10399
4447	10401
4448	10402
4450	10406
4451	11069
4452	10413
4453	10418
4454	10419
4455	10421
4456	10449
4461	10454
4463	10456
4464	3108
4468	747
4469	23585
4471	924
4472	932
4473	940
4474	1783
4475	2810
4476	2842
4479	3664
4480	3927
4482	4007
4483	4033
4485	4738
4486	4745
4487	4747
4488	4753
4489	4761
4490	4762
4491	4778
4492	4798
4494	4824
4495	4825
4496	4837
4498	4878
4499	4892
4501	4901
4502	4905
4503	4909
4504	4915
4506	4922
4507	4924
4509	4929
4510	4940
4511	654231
4512	4999
4513	5036
4514	5075
4515	5078
4518	5108
4519	5121
4520	5141
4521	5146
4522	5149
4524	5157
4526	5168
4528	5179
4530	5264
4531	5300
4533	23760
4536	5360
4537	5368
4538	5425
4539	5426
4540	5437
4541	5438
4542	5439
4543	5450
4544	5467
4546	5504
4547	5509
4550	5536
4551	5563
4556	5593
4558	5626
4559	5630
4560	5720
4562	5900
4564	6101
4565	6237
4566	6271
4567	6285
4568	6354
4569	6363
4572	6484
4573	6748
4575	6867
4577	7016
4578	7029
4579	7035
4580	7070
4582	7128
4583	7127
4584	7251
4585	7301
4587	7407
4592	7786
4593	7841
4594	7965
4597	8243
4598	8406
4604	10256
4605	10336
4609	10426
4611	10428
4614	10432
4617	10436
4619	10438
4620	10245
4621	10444
4622	10445
4624	10459
4626	10461
4627	10463
4628	10464
4630	10467
4631	10469
4633	10474
4636	10477
4637	10478
4639	10480
4640	10481
4642	10484
4645	10489
4648	10492
4653	10518
4654	10519
4656	10523
4658	10525
4659	10527
4660	10528
4662	10533
4663	10534
4664	10535
4665	10537
4666	10538
4667	10540
4668	10542
4669	4739
4670	10544
4671	10548
4672	10549
4673	10550
4674	10551
4675	10552
4676	10553
4678	10555
4680	10557
4681	10558
4683	10561
4684	10562
4687	10565
4688	10566
4690	10569
4691	10570
4692	10572
4693	10573
4694	10574
4695	10575
4696	10576
4697	10577
4701	10587
4702	10588
4703	10589
4704	10591
4705	10592
4706	10594
4708	10602
4709	10605
4710	10606
4711	10607
4712	10608
4713	10609
4714	10610
4716	10613
4718	10615
4719	10617
4721	10620
4722	10621
4726	10626
4728	10629
4729	10630
4730	10631
4732	10633
4733	10634
4735	10636
4737	257
4738	1203
4740	3090
4741	3957
4742	4162
4744	5704
4745	5922
4747	5971
4750	100528017
4751	6301
4754	6993
4755	7030
4756	7475
4757	7764
4760	8089
4761	8100
4762	8178
4763	8190
4764	8202
4765	9635
4766	9960
4767	10368
4768	10499
4769	10539
4771	10641
4772	10642
4773	10643
4774	10644
4777	10651
4778	10652
4779	10654
4780	10656
4781	10657
4783	10659
4784	10660
4785	10661
4786	10664
4787	10666
4788	10667
4789	10668
4790	10669
4792	10671
4795	10675
4797	10678
4798	10682
4799	10686
4800	10690
4802	10694
4803	10695
4804	10699
4805	10712
4807	10716
4809	8539
4811	10725
4812	10726
4814	10732
4816	10741
4817	10745
4819	10747
4821	10749
4822	10750
4828	10771
4829	10773
4833	10791
4835	10798
4836	10799
4837	10800
4839	10806
4841	10809
4845	10817
4846	10818
4847	10825
4848	10841
4849	10842
4851	10845
4852	10846
4856	10856
4859	7162
4860	10867
4861	10868
4863	10874
4864	10875
4867	10882
4868	10894
4870	10899
4871	10900
4877	10910
4879	10915
4880	2739
4882	10920
4884	10922
4886	10924
4887	4123
4891	132
4892	4286
4893	923
4896	1774
4899	2491
4900	3097
4901	3199
4902	3300
4903	11214
4904	4174
4905	5502
4908	5950
4911	6645
4912	6744
4913	6837
4915	6856
4916	6888
4920	7379
4922	7805
4924	7994
4925	8216
4926	8315
4927	8543
4928	8685
4931	10009
4932	10107
4933	10435
4935	7542
4936	10804
4937	10885
4938	10892
4939	10911
4940	10928
4941	10930
4942	9499
4944	10935
4945	10936
4947	10939
4949	10946
4950	10947
4953	10950
4956	10953
4957	10954
4960	10957
4962	10960
4963	10961
4964	10962
4965	10963
4968	10966
4969	10969
4970	10970
4972	10972
4973	10973
4974	10975
4975	10978
4976	10979
4977	10980
4979	10983
4981	10988
4983	10991
4987	11005
4989	11007
4991	11009
4993	11011
4994	11016
4996	50999
4997	11019
4998	11020
4999	11022
5001	11031
5006	1998
5009	2766
5011	4535
5012	4508
5013	4519
5014	4514
5016	4512
5017	4513
5018	4537
5019	4536
5021	4539
5022	4541
5027	678
5032	3176
5034	3232
5035	3420
5037	5591
5042	6102
5044	6309
5045	6388
5047	6483
5048	6490
5050	6536
5055	6663
5057	6666
5058	6694
5062	6782
5064	6877
5065	7348
5066	7380
5067	7570
5068	7572
5069	7580
5070	7597
5072	7922
5073	7978
5074	8013
5075	8092
5076	9071
5077	9500
5078	9501
5080	10156
5082	10233
5083	10360
5087	10579
5088	10590
5089	11044
5090	11051
5092	11055
5093	11056
5095	11061
5096	11065
5099	11070
5100	11072
5102	11075
5104	11078
5106	11081
5107	11082
5108	11095
5109	11096
5110	11099
5113	11102
5114	11103
5116	11116
5117	11117
5120	11124
5122	11126
5124	11128
5127	11133
5128	11135
5129	11137
5133	11142
5134	11143
5135	11144
5136	11145
5139	11153
5141	11158
5143	11166
5144	11167
5149	1757
5150	2981
5151	4723
5153	5412
5154	6747
5156	6941
5157	7011
5159	7059
5162	7130
5163	7200
5168	7415
5169	7429
5171	7546
5174	7703
5175	7716
5176	7732
5177	7739
5178	7784
5179	7812
5182	7942
5183	8170
5186	9204
5188	10420
5190	10762
5191	11098
5193	11160
5197	11172
5198	11181
5199	11184
5200	11187
5203	11194
5207	11198
5209	11201
5211	11212
5214	11218
5215	11221
5218	11226
5219	11228
5220	11231
5221	11232
5222	11236
5223	11237
5224	11243
5224	100527963
5225	11244
5226	11245
5227	11248
5228	11250
5230	11253
5232	11255
5233	11258
5235	11261
5237	11264
5238	11266
5239	11267
5240	55308
5247	11284
5248	11285
5249	10687
5250	11311
5254	11316
5255	11318
5256	11319
5257	11321
5258	11322
5260	6814
5263	11331
5264	11334
5268	11339
5269	11341
5272	11344
5274	11346
5275	4311
5276	672
5277	3373
5278	27
5288	388962
5289	51614
5296	84549
5297	29954
5301	56916
5308	222068
5325	3376
5330	51651
5332	63908
5335	161
5343	91869
5344	27301
5353	23590
5354	55650
5356	5464
5358	3842
5361	29789
5362	51102
5364	55163
5368	24148
5372	24140
5385	123096
5387	56052
5388	11164
5403	55666
5410	55331
5411	55858
5422	5091
5424	55775
5426	23193
5429	56996
5430	9879
5431	51020
5432	92715
5436	6399
5439	28989
5441	54623
5451	117246
5463	9054
5464	79075
5467	9489
5468	11079
5472	55909
5474	80157
5477	121268
5482	64080
5484	93210
5486	114049
5489	55258
5490	55364
5494	54475
5513	283871
5517	55738
5518	92675
5524	55651
5534	728294
5536	197257
5540	102157402
5553	54977
5555	57122
5561	64172
5563	153527
5568	6137
5571	56254
5574	7329
5576	55720
5578	29925
5588	27079
5589	55687
5590	79039
5593	2819
5602	9775
5605	51542
5607	26275
5610	51728
5621	23378
5632	55621
5637	29104
5650	23256
5652	79877
5656	6950
5664	1315
5666	414328
5668	64795
5671	5192
5672	90850
5673	10352
5675	55005
5690	56342
5701	22980
5706	51077
5707	57038
5716	51362
5717	51575
5719	23413
5725	80198
5735	23463
5738	56949
5742	10531
5745	80255
5754	126003
5756	6293
5757	51510
5759	84296
5762	9933
5775	151258
5781	60560
5782	246269
5783	51382
5790	58478
5791	57130
5794	26061
5799	84912
5803	28985
5812	4482
5813	55137
5820	54995
5827	63929
5830	25973
5835	79711
5844	10412
5846	145553
5848	1355
5853	60314
5854	83548
5857	140886
5859	23020
5865	137872
5870	2058
5874	55705
5876	25821
5878	55623
5879	51234
5881	60491
5883	57576
5884	80349
5887	10985
5890	84057
5891	9706
5894	54464
5898	54432
5905	54516
5907	29960
5917	55341
5918	9924
5930	85365
5931	80324
5932	29097
5940	29893
5951	50814
5952	221143
5959	54974
5960	84896
5961	83451
5969	83939
5970	5198
5971	79018
5976	8890
5980	26121
5981	56915
5982	60386
5984	23481
5993	25949
5998	79954
6009	92935
6017	54512
6019	55250
6028	56270
6030	84920
6036	55153
6037	25796
6039	51004
6040	55972
6042	112858
6044	29028
6048	57703
6052	6836
6056	23392
6059	23626
6064	51633
6073	54938
6078	23203
6081	8659
6086	124641
6092	51202
6095	23404
6096	57570
6098	55191
6099	51400
6100	160760
6101	26019
6107	5414
6108	27304
6110	23549
6114	124801
6115	51647
6120	55272
6124	1763
6127	51068
6131	113419
6134	51604
6135	138428
6143	10322
6149	5524
6151	81034
6170	27042
6173	79717
6175	399818
6182	51700
6202	55821
6221	55737
6222	51477
6229	115708
6238	84340
6243	284098
6257	23517
6262	134637
6264	55275
6272	51072
6274	93183
6275	8562
6277	51074
6280	143279
6283	100534599
6285	1841
6287	22948
6288	5984
6289	3704
6290	83475
6291	10400
6303	84313
6320	22908
6323	79706
6330	23556
6332	58477
6333	55739
6337	171568
6338	84946
6343	399512
6347	112970
6349	51118
6350	55702
6356	170506
6368	51652
6369	27247
6372	255967
6377	55660
6379	51154
6382	27243
6384	10059
6389	64794
6391	25972
6395	55644
6396	25829
6399	27095
6403	60528
6404	84154
6406	60625
6421	27339
6424	7511
6430	25879
6431	55661
6438	51119
6443	27346
6447	25996
6449	85476
6451	64431
6460	53981
6462	51340
6469	55902
6471	51611
6473	51534
6474	23456
6477	57017
6479	6396
6487	51184
6488	23173
6489	257218
6493	57143
6497	9918
6498	54606
6499	51692
6505	60558
6507	8892
6517	6175
6519	1468
6520	56954
6526	23395
6528	55697
6533	56931
6535	11062
6536	134430
6545	11151
6548	27258
6553	128869
6559	84274
6564	54529
6569	64118
6574	51290
6578	54363
6579	23450
6581	51006
6585	7374
6599	7327
6600	84705
6607	83943
6612	23246
6628	9948
6629	84135
6636	56941
6641	57647
6644	83743
6645	55246
6659	7486
6668	389856
6673	55823
6678	10992
6681	7779
6693	55276
6696	23451
6697	8886
6699	55278
6700	27145
6704	51490
6713	9896
6716	84945
6730	5985
6741	5298
6747	26589
6750	64428
6752	134218
6754	29101
6756	79796
6760	55781
6768	65003
6774	81889
6779	79752
6781	51690
6785	55226
6787	54981
6797	1655
6802	5422
6804	54556
6806	138199
6814	1737
6815	51409
6816	51605
6818	79913
6820	4048
6821	80755
6828	55695
6833	64223
6834	115286
6835	53918
6836	64422
6838	54920
6843	55871
6848	6183
6850	317781
6858	29889
6862	84883
6867	51010
6870	84219
6872	9978
6875	54482
6876	60487
6879	9712
6885	5982
6886	93587
6891	80018
6899	445
6907	124454
6908	51501
6910	22894
6916	80219
6920	29929
6922	115939
6924	51548
6927	22803
6931	79053
6935	55334
6937	7991
6943	22934
6945	22800
6947	57410
6950	83732
6953	10229
6957	10166
6960	27010
6961	56902
6971	129642
6973	29968
6980	26155
6981	55703
6988	89874
6991	23479
6992	80273
6997	2356
6998	54517
7005	8891
7006	54707
7010	54802
7012	79031
7014	100131187
7024	51602
7033	25885
7042	1407
7047	27292
7056	6730
7060	29880
7065	9790
7068	55253
7069	284161
7082	100526772
7083	51520
7089	51194
7090	2968
7093	55157
7094	222236
7096	140823
7097	51067
7100	23560
7105	55140
7109	5279
7116	64601
7118	55699
7133	84172
7135	3692
7139	51606
7140	261726
7144	27158
7150	10907
7151	84844
7155	25839
7157	9861
7158	9904
7159	10423
7160	84245
7165	51126
7178	5435
7184	181
7186	5663
7187	2902
7189	8989
7191	84315
7192	195827
7198	7776
7199	11054
7203	22822
7206	22796
7207	22823
7208	22794
7212	4841
7213	23423
7214	11240
7216	22913
7217	22821
7219	8036
7220	4990
7221	23435
7229	60529
7230	9915
7231	116969
7233	460
7234	58158
7239	550
7240	60468
7241	56033
7242	581
7243	255877
7244	63827
7245	627
7246	140885
7247	652
7248	57448
7249	712
7252	827
7253	93661
7254	835
7255	859
7256	84733
7257	23468
7258	887
7259	931
7260	921
7262	1039
7266	338917
7271	2826
7273	1268
7274	1272
7278	64506
7282	1435
7288	1602
7291	10683
7292	1748
7293	64215
7294	1788
7297	1879
7298	1894
7299	29904
7301	26298
7303	1997
7308	2116
7309	10205
7314	5747
7316	2252
7317	9644
7318	2305
7321	2324
7322	2348
7324	10468
7325	8322
7326	50486
7327	2561
7329	124872
7336	9573
7337	398
7338	2707
7339	127534
7343	57678
7344	2850
7345	2856
7346	114822
7350	29105
7351	25917
7352	2980
7355	84717
7358	390992
7359	94234
7360	4485
7362	64216
7363	3142
7364	51155
7365	3206
7366	3216
7367	3219
7368	3237
7369	3238
7374	27037
7378	23765
7379	170575
7380	26018
7381	83729
7385	79191
7387	201595
7388	9445
7389	50624
7390	3726
7391	50801
7392	157855
7396	51274
7399	3956
7401	26468
7405	4054
7406	4056
7409	4071
7410	23600
7411	23324
7412	4159
7413	4170
7414	64682
7418	4221
7420	145873
7421	284612
7424	22808
7425	56917
7427	9741
7428	23139
7433	4616
7435	23040
7436	4674
7438	4077
7439	121441
7440	4802
7442	9448
7444	26257
7445	23530
7447	27332
7450	4902
7451	51617
7452	23620
7454	11249
7455	4946
7456	4956
7458	53827
7459	4993
7460	127385
7461	5067
7464	126006
7470	9463
7473	5569
7474	5570
7477	391013
7481	55558
7482	5376
7483	26472
7484	8611
7485	10891
7486	8495
7488	5538
7490	8492
7494	9791
7495	9317
7496	5739
7497	5771
7498	26191
7499	284119
7500	5806
7502	64284
7503	51715
7507	5897
7508	10743
7509	51655
7511	3516
7512	11317
7514	28954
7515	85021
7516	389075
7517	5979
7521	6251
7522	6242
7523	6284
7524	51450
7525	390010
7526	29106
7528	50861
7529	6367
7531	27020
7533	2734
7534	23616
7536	53358
7537	56961
7539	6487
7540	6482
7543	22950
7546	54345
7548	55342
7550	22928
7553	7478
7554	64220
7557	23075
7559	6860
7560	6866
7561	6878
7562	6895
7563	83439
7564	6934
7565	8115
7567	5252
7568	6975
7569	132612
7570	7013
7572	7041
7573	8848
7574	7050
7575	3196
7582	197131
7583	558
7586	7403
7591	6844
7592	7408
7593	11023
7594	7414
7596	10998
7597	140767
7598	29802
7601	132625
7603	346171
7604	55734
7605	51043
7606	161882
7613	10881
7614	4185
7617	23394
7621	57085
7623	57379
7625	258
7626	317
7628	7026
7629	9716
7630	395
7631	9048
7632	63974
7633	63973
7635	487
7638	22994
7639	598
7640	604
7642	27018
7643	10018
7644	27302
7645	150572
7649	27101
7650	259266
7651	23473
7652	8837
7657	841
7658	831
7659	9821
7660	9134
7661	25819
7663	23607
7664	28981
7665	9620
7666	27141
7667	1154
7670	55907
7671	254263
7672	1267
7673	80781
7674	9564
7677	1440
7683	1641
7684	50807
7688	8694
7689	22943
7699	10913
7702	2001
7703	5463
7706	2063
7707	219285
7710	2155
7713	55527
7714	10116
7715	2253
7717	24147
7718	60681
7720	23770
7721	64400
7723	2553
7724	51083
7728	54834
7729	51650
7731	2691
7732	10888
7733	84694
7734	57369
7738	2792
7740	94235
7741	27232
7743	133418
7744	145258
7745	83445
7747	2954
7748	2969
7749	81502
7751	3122
7755	388585
7756	23462
7762	3170
7765	3203
7766	3205
7768	3218
7769	3228
7770	3229
7772	3231
7773	3233
7774	50809
7776	8692
7777	3382
7778	51278
7781	10068
7782	3551
7783	7850
7784	3566
7785	3609
7786	27130
7789	84962
7791	3743
7793	3768
7794	3776
7796	113220
7799	22920
7800	90990
7801	127933
7803	59269
7805	342574
7809	3920
7810	9215
7811	27040
7813	51176
7814	8022
7816	56956
7818	84823
7819	84708
7820	51341
7822	56667
7823	22918
7824	10586
7825	23764
7826	23582
7827	4118
7830	9782
7832	4179
7836	10462
7837	4281
7838	168620
7839	4291
7842	4335
7843	27136
7844	338339
7845	4352
7846	4212
7850	4135
7856	4430
7857	4654
7859	8648
7861	4773
7862	84901
7863	4792
7865	4853
7866	29128
7867	4880
7868	27065
7869	123803
7870	170392
7874	23440
7875	5013
7878	5127
7879	27250
7880	10016
7881	29943
7882	51702
7883	23569
7884	8682
7885	8864
7886	8863
7887	5202
7888	5218
7889	5295
7892	26279
7893	23646
7895	51297
7896	5396
7898	25833
7899	5468
7904	5621
7906	6768
7908	5738
7909	5783
7915	57605
7917	5991
7918	6006
7918	6007
7919	6035
7920	51132
7921	22895
7922	102724828
7922	6150
7923	6257
7924	6275
7925	6277
7927	6334
7929	6356
7931	10500
7934	6464
7936	26999
7937	55808
7938	256435
7939	27090
7940	6494
7948	64321
7949	83595
7950	30812
7951	53340
7952	6670
7953	121599
7954	27290
7955	10653
7957	6725
7959	148066
7960	6774
7962	10733
7963	252983
7964	50511
7965	9672
7966	6899
7967	6913
7968	9496
7969	6945
7970	7343
7971	6991
7973	83659
7975	51368
7976	51298
7977	399687
7979	8742
7980	9191
7981	7187
7982	11277
7984	60385
7985	7286
7986	7305
7988	7337
7990	83549
7993	51393
7995	51186
7997	58525
7998	165904
8001	54414
8003	7707
8008	23414
8009	51663
8013	59344
8014	23621
8015	28316
8017	9988
8018	55179
8021	64395
8022	26585
8023	64388
8024	10870
8025	9653
8026	66004
8028	11043
8030	8431
8034	26011
8035	130497
8038	9802
8040	6041
8041	11280
8042	81848
8043	27285
8046	11219
8047	11274
8048	25806
8050	976
8053	79068
8056	4214
8057	10101
8058	90993
8059	5000
8062	5891
8063	376497
8064	23154
8066	9994
8067	51138
8068	64708
8070	117157
8072	114787
8073	23567
8076	25824
8077	29127
8078	64283
8079	81849
8080	51295
8081	6674
8082	27283
8083	30814
8084	64600
8085	29117
8088	3663
8091	8131
8092	23418
8093	8226
8094	22936
8095	23401
8096	23536
8097	29851
8100	23650
8101	473
8103	26228
8104	25789
8105	26511
8106	10598
8107	22974
8108	23624
8109	23552
8110	23580
8111	26973
8112	25792
8114	85865
8115	23562
8116	26285
8117	9073
8118	25802
8120	23576
8121	26512
8122	27019
8123	23566
8125	24139
8126	2036
8127	26224
8128	26235
8129	26234
8130	26233
8131	26190
8132	26232
8133	26273
8134	26272
8135	26271
8136	25793
8137	26269
8138	27023
8140	2299
8142	26515
8143	9910
8147	9329
8148	23498
8151	22801
8153	11320
8154	10724
8156	4595
8157	8225
8158	22978
8159	23429
8160	22937
8164	23409
8166	23428
8169	8277
8170	7988
8171	26959
8173	24141
8174	25809
8175	25807
8176	25822
8177	23630
8178	26251
8180	23415
8182	23527
8183	9697
8184	9817
8189	9863
8192	23017
8196	22944
8199	25800
8200	23659
8201	23542
8204	23531
8206	23597
8212	23554
8213	340348
8215	25805
8216	26747
8217	26268
8218	26476
8219	8383
8225	23595
8226	23548
8227	26578
8228	26205
8229	26471
8231	25803
8233	23612
8234	23647
8235	11108
8236	23627
8237	26470
8238	25797
8240	25788
8241	26207
8242	26575
8243	6018
8244	26750
8245	23541
8246	26984
8247	9723
8250	26206
8251	23557
8252	9576
8256	26872
8258	23546
8260	26608
8261	23550
8262	26521
8264	26277
8267	23559
8269	22806
8270	23528
8271	3161
8276	6667
8279	11215
8280	104
8284	30010
8285	51046
8288	1270
8289	27063
8290	27102
8291	23768
8292	27335
8293	29102
8297	25834
8299	23529
8301	29107
8302	23601
8303	27122
8305	4289
8306	7733
8307	29108
8308	29115
8309	29116
8310	29118
8314	29122
8315	27344
8319	23729
8320	27189
8322	23767
8323	27430
8325	29890
8328	29902
8331	29906
8332	29911
8336	29914
8337	29915
8338	29886
8341	29919
8342	29780
8343	29920
8344	29922
8345	29923
8346	29926
8348	29930
8349	29844
8350	29933
8351	29934
8352	29937
8353	30009
8354	29940
8355	29765
8357	26577
8358	29944
8359	29882
8361	29946
8362	29947
8363	29801
8365	29950
8372	29958
8373	29959
8374	29761
8378	29888
8381	30000
8382	30818
8383	30062
8384	10787
8385	29967
8387	29992
8388	11123
8389	30968
8390	30815
8392	23609
8393	11176
8394	29994
8396	10017
8397	1824
8398	64097
8400	27239
8401	10536
8402	113246
8403	83461
8404	84727
8407	50865
8408	3221
8409	3235
8410	8844
8411	9382
8414	4152
8415	4439
8417	4838
8421	340990
8422	5460
8423	84867
8425	64218
8426	10509
8427	54437
8428	10501
8429	9892
8430	6835
8433	6954
8434	202500
8435	7342
8438	221472
8439	254950
8440	27077
8442	203447
8443	64343
8445	83881
8446	10110
8447	26499
8448	79930
8449	58473
8450	116449
8451	51330
8452	57110
8453	27143
8454	94121
8455	51734
8456	1716
8458	27134
8460	54551
8461	64067
8462	81490
8466	51172
8468	28988
8469	2589
8471	5332
8475	23464
8477	741
8478	8994
8479	25946
8480	27129
8481	55504
8482	6525
8486	56344
8487	51475
8489	51512
8490	25932
8492	56521
8493	23036
8494	26508
8496	54461
8498	8862
8499	27329
8500	333929
8501	25897
8509	3084
8510	23564
8512	9785
8514	23099
8515	28952
8516	50943
8517	28955
8518	28956
8519	28957
8521	28959
8522	117178
8528	25842
8529	28966
8530	28969
8531	28970
8534	25978
8535	26020
8537	28974
8539	28976
8540	51522
8542	4969
8543	28983
8544	28984
8545	28986
8548	28991
8549	28992
8553	28999
8555	5511
8556	7227
8558	50485
8560	29126
8561	29058
8562	29062
8563	29066
8566	29074
8568	29079
8570	29081
8572	9419
8573	29085
8574	29086
8575	29087
8579	29091
8581	29094
8584	29099
8588	3705
8591	6527
8592	6534
8594	8266
8596	9508
8597	9509
8600	10329
8604	10388
8605	148022
8606	10944
8607	11086
8609	11141
8610	170689
8611	11282
8612	10439
8614	22827
8615	22927
8617	23421
8618	23424
8619	23466
8620	23467
8621	23471
8622	23474
8623	23475
8624	90701
8627	23533
8628	23551
8629	23583
8630	23584
8631	23588
8632	23589
8633	23592
8634	23593
8635	23594
8636	23598
8639	23645
8640	23676
8641	23705
8643	23759
8645	23788
8646	24146
8648	25799
8649	25816
8652	26254
8653	26278
8654	26353
8656	26355
8658	26993
8659	26996
8660	26998
8661	27033
8662	27034
8664	27043
8665	27044
8666	27067
8667	27069
8670	27074
8671	27075
8672	27076
8674	27092
8676	27097
8678	27107
8679	27113
8680	27121
8681	27123
8682	27124
8683	27125
8685	53832
8686	27163
8688	27179
8689	27190
8690	27229
8691	27230
8692	27236
8694	27240
8696	27242
8697	27244
8699	27252
8700	27253
8701	27254
8702	27255
8704	27286
8706	27289
8707	27291
8708	27293
8709	27294
8710	27295
8711	27299
8714	27309
8716	27333
8717	27334
8720	27342
8721	27345
8726	23677
8727	29766
8728	29775
8730	29842
8731	29843
8733	11227
8734	23660
8735	84364
8740	56605
8742	30811
8743	30813
8745	30833
8749	30851
8752	23196
8753	23197
8754	1620
8759	9640
8760	9645
8763	9650
8764	9654
8766	9657
8769	9663
8771	9666
8775	9678
8776	9679
8780	9687
8783	9690
8785	9694
8790	9702
8792	9705
8795	9710
8797	9715
8798	9719
8802	9726
8803	84440
8804	9729
8805	9730
8809	9737
8810	9738
8812	9743
8813	9745
8814	22883
8815	9747
8816	9749
8817	9751
8820	9755
8822	9760
8823	9761
8824	9762
8825	9764
8826	9765
8829	9768
8831	9772
8832	9774
8834	9779
8837	9783
8838	9784
8839	9786
8840	9787
8841	9788
8842	9789
8843	9792
8844	9793
8845	9794
8846	399979
8847	9796
8848	9797
8849	9798
8850	1718
8851	9801
8853	9805
8854	9806
8856	9810
8858	9813
8859	9816
8860	9819
8862	9824
8863	9827
8865	9829
8866	9832
8868	9839
8870	9841
8871	9842
8873	9847
8874	9851
8875	9852
8876	9854
8877	9855
8878	9856
8879	9857
8882	9860
8885	9870
8887	9873
8888	9877
8889	9878
8890	9880
8892	9886
8895	9890
8896	9891
8897	9895
8898	9897
8902	9903
8905	9911
8907	9913
8908	51363
8909	9917
8912	9923
8913	9925
8914	9926
8915	9927
8916	9928
8917	9929
8918	9931
8919	9936
8920	9937
8922	10144
8923	10147
8926	10447
8927	11333
8928	22828
8930	22832
8932	22836
8933	22837
8934	22838
8935	22839
8937	22841
8939	22844
8940	22845
8941	22846
8942	22847
8945	22850
8948	22853
8949	22854
8950	22856
8951	22859
8952	22862
8954	22864
8955	22865
8956	22866
8957	22868
8962	22876
8966	22880
8967	22881
8968	22882
8970	6683
8972	22888
8974	22890
8975	22891
8976	22893
8978	22901
8980	22903
8981	22904
8984	22911
8986	22986
8987	80003
8991	23011
8994	23016
8995	23023
8996	23032
8997	23038
9000	23051
9002	23065
9003	23070
9004	23072
9005	23077
9006	23082
9007	23086
9010	23090
9013	23093
9015	23098
9019	23118
9020	23119
9021	23125
9022	23126
9024	261734
9027	23140
9028	84259
9029	23144
9030	115548
9032	23155
9034	23164
9035	23166
9036	23170
9037	23174
9038	23178
9039	23179
9040	23469
9044	23205
9045	114088
9046	23210
9050	23219
9052	23228
9053	23229
9054	23231
9055	23234
9056	23237
9057	23240
9058	23242
9059	23253
9061	23268
9062	23272
9063	23277
9064	116984
9065	221395
9067	23287
9068	23294
9069	1540
9070	23299
9072	254102
9073	23303
9076	131405
9081	23336
9082	23338
9084	4591
9087	23360
9088	23365
9089	23367
9090	23368
9093	23376
9095	23381
9097	23386
9098	171023
9099	23398
9100	23399
9102	23503
9103	23507
9104	23509
9108	23518
9109	23643
9111	23786
9112	341208
9113	25777
9114	25798
9115	25831
9116	25843
9117	25844
9120	25851
9121	25852
9123	84312
9124	51564
9125	84836
9127	25871
9128	25875
9129	25880
9130	60496
9134	25891
9135	25893
9136	25896
9140	284058
9141	25907
9142	25909
9143	25911
9147	25921
9148	66036
9149	25923
9150	25924
9151	25925
9153	25927
9154	25928
9155	25929
9158	26056
9159	25937
9160	25939
9161	25941
9162	25945
9163	25959
9165	25963
9166	25975
9167	25976
9168	55707
9170	25980
9172	25984
9174	25988
9176	25999
9177	26000
9180	26003
9181	81488
9182	26009
9185	26022
9188	26036
9189	26037
9191	26039
9192	26040
9193	26050
9194	26051
9196	26054
9199	26064
9201	26073
9202	26074
9203	54865
9204	26084
9205	5238
9208	26092
9209	26093
9210	26094
9213	26099
9215	26103
9218	26118
9219	26119
9221	26123
9222	26127
9223	26128
9224	26133
9226	26137
9227	114902
9230	26150
9231	26151
9232	8086
9233	26164
9236	26168
9238	27013
9240	27111
9243	55841
9247	27248
9248	27249
9249	27352
9250	29998
9251	50487
9252	50489
9253	50509
9254	50512
9256	50632
9261	5949
9262	51684
9263	57619
9266	23175
9268	60675
9269	6297
9272	84893
9273	157574
9274	26270
9277	90161
9279	55336
9280	1761
9281	103
9283	51035
9284	9750
9285	6563
9287	51360
9289	51361
9291	51052
9292	51053
9293	51364
9294	51365
9295	51366
9296	51592
9298	51593
9299	51057
9300	51058
9301	51061
9302	51062
9303	51063
9305	51596
9306	51599
9310	51001
9311	51005
9313	51000
9315	51070
9317	51075
9318	51076
9320	51373
9321	51081
9322	51084
9326	51377
9327	51379
9329	51090
9332	51093
9333	51095
9334	51097
9335	51098
9336	51626
9337	51100
9338	51101
9341	51105
9343	51106
9345	51107
9349	51110
9350	51635
9355	51637
9356	51009
9357	51011
9359	51013
9360	51639
9361	51015
9364	51019
9366	22818
9367	51645
9368	51003
9370	51021
9371	51023
9374	51028
9376	51031
9378	51657
9379	10179
9380	51386
9381	51122
9384	51660
9385	51125
9387	51127
9390	51665
9391	100302652
9391	51130
9392	51666
9395	51133
9396	51134
9398	51669
9400	51141
9401	10404
9403	51143
9404	51397
9409	10422
9410	51686
9412	51151
9414	51156
9416	49860
9417	23671
9418	9585
9419	51691
9420	51421
9423	56034
9424	51693
9425	51161
9426	9325
9427	51162
9428	51163
9430	51164
9431	51428
9433	51699
9435	51704
9437	51435
9438	51705
9439	50939
9441	51440
9443	51174
9444	51343
9445	51442
9446	51444
9447	10766
9448	51177
9450	1007
9453	23019
9455	51720
9457	10131
9458	51449
9459	51725
9461	51185
9462	51187
9464	51726
9467	51454
9469	57127
9471	51733
9472	51460
9473	51193
9475	653519
9475	51463
9478	51196
9479	9027
9482	28231
9483	51473
9484	51474
9485	50805
9487	51738
9488	51206
9489	51208
9491	51479
9493	51744
9494	51495
9496	51497
9498	25764
9499	51503
9500	51506
9501	51507
9502	51654
9503	50862
9504	51222
9505	51225
9507	51230
9508	51751
9509	51231
9510	51232
9512	64398
9514	51517
9515	252839
9516	25865
9517	51523
9518	51524
9519	51239
9520	51241
9521	51526
9522	51527
9523	51244
9524	51528
9530	51248
9531	51249
9533	51535
9534	51251
9536	51253
9537	51255
9538	51256
9539	51257
9541	51259
9542	51260
9543	51264
9548	51540
9549	51267
9551	51759
9553	51760
9554	51271
9555	4815
9558	51277
9559	51279
9560	51768
9561	51281
9562	51555
9563	51283
9565	51285
9567	51287
9568	51289
9569	51557
9570	51291
9571	51559
9573	51293
9574	51294
9576	51562
9577	51299
9578	51300
9580	51302
9581	51303
9582	51304
9583	51778
9585	51306
9586	51307
9588	51566
9589	51309
9590	51313
9591	51567
9592	6540
9593	51314
9594	51569
9595	51315
9597	51317
9598	51318
9599	51571
9601	51320
9602	51321
9603	51324
9604	94104
9605	51327
9606	51329
9607	10884
9613	51339
9617	84258
9618	6641
9619	1271
9620	9076
9621	9075
9622	8434
9624	3619
9630	165530
9631	80331
9632	666
9633	7593
9635	54971
9640	5937
9641	84519
9642	83452
9643	9124
9646	64344
9647	10522
9649	1366
9650	2530
9651	100287932
9653	6692
9654	10069
9655	53407
9656	29855
9660	50833
9661	50855
9662	50859
9663	51192
9666	50945
9667	116448
9668	91663
9669	50616
9670	2700
9672	5817
9675	8473
9679	54148
9680	3226
9681	26280
9683	51805
9685	51809
9687	53635
9689	50506
9690	53947
9692	56890
9694	54107
9696	54149
9697	10458
9698	10117
9700	50613
9703	55556
9706	54738
9711	55571
9712	55572
9714	54749
9716	54752
9717	54756
9719	54757
9720	55577
9726	54762
9728	54764
9729	55584
9730	55585
9731	54765
9732	55586
9734	54766
9735	23264
9738	28511
9739	55591
9741	54778
9745	54780
9746	55599
9747	54784
9749	54788
9752	55602
9754	54793
9756	54797
9757	55604
9760	54801
9761	54805
9762	54806
9764	54812
9765	54814
9766	54815
9767	140803
9768	55608
9770	55609
9773	55612
9774	54822
9778	54828
9781	54836
9782	54839
9783	54841
9784	54842
9785	54845
9787	54851
9788	54852
9789	54853
9791	54854
9792	54857
9793	54858
9794	54859
9795	55617
9797	54861
9798	55620
9800	54866
9801	54867
9802	54868
9803	54870
9804	54873
9805	54875
9806	55624
9808	54877
9809	54880
9813	55627
9815	54886
9816	54887
9817	54888
9818	54890
9819	54891
9820	54892
9821	55629
9822	54893
9824	54897
9825	55631
9828	54899
9830	54901
9831	54902
9833	54903
9834	55635
9837	54908
9838	55638
9839	54838
9840	55640
9842	54914
9844	54915
9845	54918
9847	54922
9851	54927
9852	54928
9853	54929
9854	54930
9856	55647
9857	49856
9858	54931
9862	54708
9863	54936
9864	100526761
9865	54939
9866	54940
9869	54943
9870	84102
9871	79888
9872	54948
9873	54951
9876	54954
9877	55654
9878	54956
9880	54957
9881	54958
9882	54960
9885	54964
9886	54965
9888	55656
9889	55657
9890	54968
9894	54973
9895	140459
9896	54978
9897	54980
9898	54982
9899	64743
9901	54985
9904	54996
9905	53373
9906	55662
9909	55004
9910	55663
9911	55007
9912	55664
9914	55011
9915	55012
9916	90550
9917	55014
9921	55017
9922	55670
9924	55022
9926	55024
9927	55026
9928	55028
9929	55031
9930	55032
9931	55034
9933	404093
9936	55038
9938	55041
9941	55052
9942	55668
9944	55063
9945	55064
9948	55066
9949	55683
9951	55069
9952	55070
9954	55686
9957	55079
9958	55080
9960	55082
9962	55086
9963	55088
9966	55092
9967	55689
9968	55093
9970	55690
9971	55691
9972	55100
9973	55101
9974	55102
9976	55105
9984	55114
9985	55254
9986	55119
9987	55120
9988	55122
9991	55128
9992	55130
9994	55133
9995	55135
9996	140467
10001	55142
10003	114327
10004	55144
10005	55145
10006	55146
10008	55149
10009	55715
10010	55151
10011	55716
10015	55156
10017	55160
10018	55161
10019	55165
10021	55167
10024	55170
10026	55172
10027	55722
10028	55173
10029	55174
10030	55175
10033	55178
10034	55180
10036	55182
10037	55184
10039	55186
10043	55726
10044	55193
10046	55198
10047	55201
10048	55203
10051	55729
10053	55205
10054	55731
10055	55206
10056	55207
10058	55732
10059	55210
10061	55213
10062	55214
10066	55218
10068	54662
10069	55220
10070	26586
10071	55223
10072	55224
10073	55228
10075	55741
10076	55233
10077	55742
10078	55743
10079	55234
10080	55236
10081	55745
10084	55240
10085	55748
10086	55749
10089	55243
10094	55247
10096	55756
10097	55248
10098	55759
10099	55251
10100	55761
10102	55252
10103	55765
10104	55257
10105	55260
10106	55262
10107	55266
10108	55269
10109	55270
10110	55273
10112	55274
10114	55279
10116	55281
10117	55768
10118	55283
10119	55284
10120	55285
10122	55770
10123	55771
10124	55287
10126	55773
10127	55290
10130	55296
10131	55297
10132	55298
10133	55299
10136	55301
10137	203228
10139	55311
10142	55313
10144	55783
10146	55319
10147	55320
10148	55321
10149	55322
10151	55325
10153	55326
10154	54665
10155	55330
10156	55788
10157	55789
10160	55791
10161	55333
10164	55794
10165	55337
10168	55795
10173	55347
10174	339175
10176	55800
10178	55802
10179	55803
10180	55352
10182	55353
10183	55805
10184	55355
10185	7982
10187	55810
10188	55811
10189	55812
10190	55357
10194	55815
10195	55816
10196	55818
10198	55824
10199	55827
10200	55829
10202	55832
10204	55835
10206	55837
10207	51203
10208	55840
10210	55845
10211	55846
10212	55847
10213	55848
10214	55850
10217	404636
10219	55857
10220	55860
10222	55863
10224	55365
10225	55870
10226	55366
10229	55379
10231	55421
10233	55879
10234	55425
10235	25862
10236	55435
10237	55437
10238	55450
10239	55486
10240	55500
10243	54210
10246	55506
10250	55507
10251	55891
10253	55892
10254	54360
10255	55893
10256	414325
10256	55894
10257	27185
10260	55512
10261	26276
10263	23461
10264	55901
10265	55905
10266	55906
10268	57214
10270	10827
10272	55520
10273	55916
10274	11107
10275	55521
10276	105
10278	55526
10279	90809
10280	55531
10282	55920
10284	95681
10285	55536
10286	50604
10287	55540
10289	2634
10290	6100
10291	23587
10292	347252
10293	51272
10296	83593
10297	284695
10300	9074
10301	148281
10302	90019
10303	341359
10304	256297
10308	55937
10309	10603
10310	56624
10311	79917
10312	55966
10313	55959
10314	55967
10315	55969
10317	55975
10318	8195
10321	5173
10324	80725
10325	2524
10327	84254
10328	23024
10338	56130
10340	2055
10343	54187
10344	54206
10345	2837
10346	11092
10350	53820
10352	54209
10354	54328
10355	54329
10356	54346
10357	54386
10358	54431
10360	54436
10361	81577
10362	54440
10363	54442
10365	4343
10367	54462
10368	54463
10369	54465
10371	54468
10372	54469
10373	54470
10374	54471
10375	54472
10377	54477
10378	54478
10379	192666
10380	125058
10381	54495
10382	54496
10384	54499
10387	54505
10389	54510
10393	54520
10396	54535
10397	54538
10398	54539
10399	54540
10400	54541
10403	54545
10404	54546
10406	54549
10409	54557
10410	54558
10411	54567
10413	54619
10414	54621
10416	54627
10417	65977
10420	54676
10421	55924
10425	56005
10426	56006
10428	26291
10430	56061
10431	56062
10433	9118
10437	8292
10439	3579
10442	58506
10443	942
10447	140738
10448	9374
10449	8859
10453	26525
10454	56253
10460	392309
10462	85329
10466	343930
10472	56181
10473	3234
10474	163732
10475	29999
10476	113178
10477	56243
10478	56261
10480	50834
10481	56241
10482	56244
10483	56256
10485	56265
10486	56269
10487	56287
10489	56288
10491	23457
10494	58516
10495	9655
10496	81551
10499	11186
10501	56339
10504	427
10505	11235
10506	9141
10509	64175
10512	51434
10513	11047
10515	80318
10516	138311
10518	84273
10519	56413
10520	56302
10522	56478
10524	56475
10525	8273
10527	26281
10529	63943
10531	56548
10532	56616
10533	9919
10534	56650
10539	8649
10541	57018
10543	22983
10544	4257
10548	114897
10550	285598
10551	6651
10555	83639
10558	51808
10560	112950
10562	112770
10565	64096
10567	7916
10568	26287
10570	57722
10571	56676
10572	343472
10576	6038
10578	83483
10581	140890
10582	54741
10583	138883
10584	56884
10585	56829
10586	56886
10588	56889
10589	56833
10590	56892
10591	56894
10592	56897
10594	56900
10595	56904
10596	56912
10597	56851
10598	56834
10599	56913
10600	56914
10602	56920
10603	56922
10604	56926
10605	56928
10606	56929
10608	56937
10609	56938
10612	56943
10613	56944
10615	57002
10620	56951
10621	56952
10622	56953
10623	56955
10624	56957
10625	54716
10626	56963
10627	56965
10628	6051
10632	56985
10633	56986
10634	56987
10638	56993
10641	56998
10642	51282
10644	57514
10647	10691
10648	26012
10649	56477
10650	10077
10651	84684
10652	390442
10656	9080
10658	57019
10659	57020
10661	60676
10662	57037
10663	57171
10664	56172
10665	57468
10666	57148
10667	57178
10669	25769
10670	28512
10673	26507
10676	57092
10678	57095
10679	57096
10680	57097
10681	57050
10683	57099
10684	51310
10685	57102
10687	57104
10688	57105
10689	57106
10695	57120
10696	57121
10698	5101
10699	57124
10700	57125
10702	57062
10703	56729
10705	57146
10706	57147
10707	57149
10708	57150
10709	57151
10710	57152
10711	57153
10712	57154
10713	57157
10714	57158
10715	57165
10716	57167
10717	57168
10719	89796
10720	57179
10721	57184
10722	57185
10723	57190
10724	57211
10725	57213
10726	57215
10728	57226
10730	64843
10731	92822
10733	64328
10735	84666
10740	57326
10741	5008
10743	57142
10744	57192
10745	57325
10746	269
10748	129607
10753	64844
10754	57412
10755	51129
10756	64224
10757	92703
10758	168544
10759	84524
10761	56704
10762	57338
10764	56675
10765	56672
10766	54097
10767	57393
10768	57449
10770	27006
10771	8074
10772	54101
10773	54165
10774	57045
10775	57333
10778	57337
10779	57348
10781	57402
10782	57403
10787	57415
10791	57456
10792	57458
10795	57470
10799	49854
10801	57508
10802	57511
10804	23352
10807	57531
10808	57532
10809	57533
10810	57534
10813	57538
10814	57539
10815	57549
10817	57554
10819	57563
10820	10243
10821	57580
10822	57584
10823	57586
10825	57590
10827	57592
10828	57594
10829	57596
10830	57599
10833	57611
10834	57614
10835	57616
10837	57621
10840	57646
10841	57649
10842	57650
10843	57655
10845	57658
10846	57659
10848	57664
10853	57684
10854	57685
10855	57687
10856	57692
10858	57695
10859	57704
10865	57721
10869	605
10870	2251
10873	11178
10874	2257
10875	5911
10877	57169
10883	420
10884	4729
10885	4731
10889	7554
10895	23544
10898	23406
10899	54677
10901	56255
10902	57761
10904	7920
10905	57795
10907	57799
10909	57804
10910	57805
10912	57821
10915	57828
10918	57862
10919	57863
10920	58189
10921	58472
10922	58475
10924	58484
10926	58487
10928	58493
10929	58494
10930	58495
10933	58505
10934	59277
10935	58524
10936	58526
10938	259215
10940	56658
10941	56683
10942	58157
10943	58985
10944	58986
10945	53349
10948	124925
10949	2121
10955	133746
10957	131450
10959	23704
10962	284110
10966	83698
10967	114815
10968	10887
10969	91543
10970	342865
10971	30011
10972	81030
10973	80380
10974	64919
10975	118424
10978	128414
10980	64342
10983	57159
10984	148170
10986	140545
10988	57630
10990	10498
10991	1412
10992	63941
10993	29071
10994	27319
10998	84516
10999	59335
11000	59336
11001	59338
11002	59340
11003	59341
11005	59343
11006	64236
11007	59350
11008	59353
11009	60312
11012	3189
11013	9848
11014	353376
11015	23239
11020	11247
11022	6572
11023	83714
11025	3995
11026	5015
11027	60370
11030	84131
11031	53637
11032	59067
11033	60401
11034	10742
11035	64105
11038	11085
11039	10761
11040	50615
11042	60343
11045	60484
11047	79748
11048	60488
11049	60490
11052	56652
11053	60509
11055	57582
11056	81697
11057	8823
11059	9444
11061	81890
11062	143425
11063	63979
11064	64111
11065	94241
11066	2178
11067	53834
11070	60561
11072	60673
11073	60678
11076	60684
11077	60685
11078	60686
11081	29
11085	10133
11087	11179
11090	53826
11091	53822
11092	2314
11093	79672
11094	129685
11097	91768
11098	64065
11099	55890
11101	23753
11102	27085
11103	50619
11104	54112
11107	56660
11112	63891
11113	63893
11116	63897
11117	63898
11122	63906
11123	89781
11125	81567
11126	63917
11128	63924
11129	63925
11130	63926
11131	63928
11133	63932
11134	63935
11136	63940
11137	23446
11138	63967
11139	63976
11140	64061
11142	64072
11145	64087
11147	64091
11148	64092
11150	64094
11151	64098
11152	64102
11154	64112
11155	64116
11156	64127
11161	6988
11163	3557
11166	55515
11167	1
11168	840
11169	64089
11170	64123
11171	5297
11172	64168
11173	865
11174	53838
11177	64149
11179	60598
11183	53828
11184	8220
11185	162979
11186	81618
11187	83590
11188	79575
11190	389058
11193	64320
11199	64411
11200	64412
11202	64418
11203	64419
11204	64420
11207	64432
11208	64579
11209	59274
11210	60506
11211	64582
11213	111
11214	5292
11216	219972
11217	85569
11219	7145
11220	55367
11222	161253
11223	54487
11224	80274
11226	64745
11227	64746
11228	64747
11229	64748
11232	64755
11236	64761
11237	64762
11238	64763
11240	64769
11241	64773
11242	64776
11244	64778
11245	64779
11246	64780
11247	64781
11248	64784
11249	64786
11251	91289
11253	64792
11254	64793
11256	10198
11258	64799
11259	64800
11260	64805
11264	64847
11265	64848
11266	64849
11268	64853
11269	64855
11270	64856
11275	64864
11276	64866
11277	64881
11279	23025
11280	3658
11281	64407
11283	390243
11284	53335
11285	64897
11286	93973
11287	64921
11289	64927
11290	64943
11292	65056
11293	65080
11294	65082
11295	65084
11297	7462
11299	65078
11300	134728
11301	85416
11302	151188
11303	5926
11304	404037
11305	53346
11306	65094
11307	65109
11309	65123
11311	64446
11312	57763
11314	65244
11315	65250
11317	65260
11319	65264
11320	65265
11321	54207
11322	65985
11325	2793
11328	81579
11329	79077
11331	84833
11332	148867
11337	79589
11338	83700
11339	83480
11342	84124
11345	56997
11346	80765
11347	23184
11348	79647
11349	84939
11350	80740
11351	81493
11355	341116
11356	84647
11359	80736
11360	114987
11363	57139
11366	79697
11367	79070
11368	81614
11373	343035
11374	136991
11375	10058
11377	84287
11380	54737
11382	84058
11384	9096
11387	80321
11389	55111
11390	81628
11393	65981
11395	65986
11396	65987
11397	65989
11398	65990
11400	65992
11401	64981
11404	64232
11406	64598
11407	132204
11408	23335
11409	9826
11411	84634
11415	79048
11416	79001
11419	4552
11421	78986
11422	78988
11423	78989
11424	78994
11426	78997
11428	79002
11429	79003
11430	79004
11431	79005
11432	79006
11433	79007
11434	548593
11434	79008
11435	53343
11436	79016
11437	79017
11438	79019
11439	79020
11440	79022
11441	79023
11442	79025
11445	79034
11446	79035
11447	79036
11448	79038
11449	79041
11450	79047
11451	79056
11452	79057
11455	140462
11456	79071
11457	79072
11458	79073
11459	79074
11461	79078
11465	79083
11466	79084
11467	79085
11469	79092
11470	79094
11471	79096
11472	79101
11473	79109
11474	79133
11475	79135
11476	64978
11478	80013
11479	23568
11481	55669
11482	133957
11483	79139
11484	79746
11486	123920
11488	219537
11489	129804
11490	220965
11491	9493
11492	84283
11495	79768
11497	81932
11498	55610
11500	54587
11501	83930
11505	84417
11506	339855
11507	79137
11509	79140
11510	79143
11511	79144
11513	79147
11515	79155
11516	79156
11517	79157
11520	79165
11522	79170
11525	79173
11526	79174
11529	11000
11530	79184
11531	79187
11532	79188
11533	79228
11535	374291
11536	7490
11538	80700
11542	50964
11544	23353
11545	7798
11546	374969
11548	57567
11550	80772
11551	81688
11553	155368
11555	64207
11556	63978
11558	79414
11561	79443
11563	79447
11564	79567
11565	79568
11566	79570
11567	79571
11569	79573
11571	79577
11572	79582
11573	79585
11573	100529144
11574	79586
11575	79587
11576	79594
11577	79595
11578	79596
11579	79598
11582	79603
11583	79605
11584	79607
11587	79611
11589	79618
11590	9557
11592	79622
11593	79625
11595	79627
11596	79628
11597	79629
11599	79631
11600	79632
11601	79634
11603	79637
11605	79641
11607	79643
11608	79645
11611	79650
11612	79651
11613	79657
11615	79660
11616	79661
11617	79663
11618	79664
11620	79666
11621	79668
11622	79669
11623	79671
11624	79674
11627	79679
11628	84561
11629	79682
11632	79685
11633	79690
11635	79693
11636	79694
11637	79695
11639	348995
11640	79701
11641	582
11644	79710
11646	79714
11647	79716
11648	79719
11649	79720
11650	79724
11652	79728
11653	79730
11654	79733
11656	79735
11657	79736
11658	28971
11661	79740
11662	79745
11663	79750
11666	79754
11667	79759
11668	79760
11669	79762
11670	474344
11674	55684
11678	79780
11681	79783
11683	79789
11684	79791
11687	79797
11689	79800
11690	79802
11691	79803
11693	79807
11695	79810
11696	79811
11697	79812
11698	79813
11701	79816
11702	79819
11704	79823
11705	79827
11706	79828
11710	79832
11711	79833
11712	79836
11713	79838
11714	79840
11715	79841
11717	79845
11718	79846
11719	79849
11720	79850
11722	79853
11723	79856
11725	79863
11726	79864
11728	79866
11729	79867
11731	79869
11732	79870
11733	79871
11734	79872
11738	79876
11739	163486
11743	79885
11745	79887
11748	79890
11749	79892
11750	79893
11753	79899
11755	79902
11757	79906
11758	79912
11761	79919
11763	79929
11764	79932
11767	79944
11769	79948
11770	79949
11771	79953
11773	79958
11774	79959
11776	79961
11777	79962
11779	79971
11782	79979
11785	79983
11786	79989
11787	79990
11788	79991
11792	80006
11793	80007
11795	140578
11797	80011
11798	80017
11799	80019
11800	80020
11801	80021
11802	80023
11803	80034
11804	23263
11807	80059
11808	80070
11811	80115
11812	80117
11814	80124
11815	80128
11817	80131
11819	80142
11821	80145
11823	114034
11824	80149
11825	80150
11827	80153
11828	57602
11830	80169
11831	80173
11832	80176
11833	80177
11836	80185
11837	80194
11838	80195
11839	80196
11840	80199
11842	57728
11843	80204
11844	80205
11847	80210
11848	80212
11849	80216
11851	80218
11852	6897
11853	80223
11854	80224
11856	80231
11857	80232
11859	80237
11861	80254
11863	80258
11864	80262
11865	80263
11866	80267
11868	80271
11869	80298
11870	80301
11873	80306
11875	80310
11878	80319
11879	57731
11880	80323
11881	80332
11883	80339
11884	80341
11885	80342
11886	80344
11888	80346
11889	80347
11890	80351
11891	80352
11892	80381
11893	80723
11895	80737
11896	80741
11897	80742
11898	80745
11900	80757
11905	89765
11906	10011
11907	256302
11910	116541
11911	83460
11912	147807
11916	54998
11917	131616
11918	81858
11919	123811
11920	84303
11923	118487
11924	92259
11925	389827
11926	348235
11927	130888
11929	84269
11930	256281
11931	284486
11932	97
11933	138241
11934	84885
11936	84276
11937	113452
11938	146456
11939	84233
11941	219854
11942	200504
11944	85013
11947	140856
11948	203328
11949	146853
11952	55851
11955	284485
11956	116228
11957	119504
11959	148223
11964	84266
11968	148423
11969	84299
11971	149466
11973	114971
11974	55049
11975	220134
11976	127281
11977	26027
11979	84319
11980	84262
11982	128061
11984	127428
11985	387849
11987	254042
11989	84284
11990	9587
11992	201299
11995	255252
11997	158787
11998	55148
11999	84065
12001	84515
12002	116461
12003	56259
12004	167410
12005	6120
12007	56158
12009	90843
12010	285761
12011	57489
12014	388272
12018	317719
12019	117245
12021	84557
12024	89882
12026	57587
12027	133923
12030	133015
12031	127247
12033	401494
12036	83734
12037	84062
12039	83591
12040	124491
12042	112939
12043	83861
12044	79064
12045	29781
12046	135114
12047	161198
12048	374354
12049	144402
12050	83752
12051	221749
12052	84314
12053	84309
12054	90871
12055	92565
12057	79729
12059	91894
12063	222658
12065	84984
12069	131965
12070	115209
12071	84864
12073	92162
12074	124808
12075	51078
12078	94056
12080	84302
12082	25974
12083	339487
12084	126075
12085	151613
12086	84930
12088	83640
12089	92140
12093	116225
12094	134492
12095	85437
12096	84318
12097	83787
12098	128308
12100	112849
12101	153443
12102	55588
12103	51550
12104	388650
12105	84300
12106	28977
12109	123207
12112	140838
12116	117584
12117	200132
12119	7566
12121	112495
12122	583
12123	388581
12125	9823
12126	85313
12127	145407
12128	84955
12129	100190949
12130	112817
12134	114900
12136	50640
12138	121457
12141	134359
12142	116236
12144	80820
12146	146310
12147	143379
12149	339829
12155	197135
12159	91544
12161	133491
12162	84335
12163	387758
12164	89970
12166	147841
12168	221481
12170	81833
12171	285282
12173	161582
12174	136242
12175	345757
12177	374395
12182	114907
12183	81576
12184	55652
12188	118426
12189	119392
12191	154007
12192	127262
12194	84292
12195	113829
12196	57696
12198	90417
12199	133482
12200	375791
12201	140576
12203	92399
12204	92400
12206	151887
12207	152100
12210	168391
12212	140739
12213	220082
12214	83446
12217	441161
12219	219771
12222	83479
12224	347273
12225	84334
12226	130733
12227	81847
12229	66005
12230	83608
12231	84954
12232	27109
12234	137392
12237	124817
12241	79590
12243	84650
12245	91057
12247	401565
12248	84288
12251	84331
12252	84191
12253	57560
12254	285753
12256	123872
12258	255231
12259	92689
12260	344657
12261	84304
12263	116238
12264	84330
12266	342898
12267	94274
12268	64928
12269	84270
12270	116540
12271	286053
12272	221044
12273	124944
12274	541578
12274	91966
12275	80213
12276	55861
12279	374659
12281	286343
12286	122704
12287	140456
12293	80764
12294	29907
12296	653808
12298	92960
12299	79792
12300	143879
12301	84328
12303	121506
12304	58533
12306	113746
12307	90506
12309	285588
12312	84993
12315	112611
12316	90952
12318	113655
12319	80856
12320	123263
12322	90864
12323	11340
12324	113278
12326	116985
12328	83877
12329	90390
12330	10430
12331	201266
12332	200634
12333	51237
12334	84248
12335	392465
12337	221908
12338	219738
12340	158234
12343	85407
12344	222642
12345	152189
12346	51280
12347	256586
12352	389434
12356	84293
12358	57541
12360	57794
12361	132720
12362	651746
12364	84935
12366	143884
12367	84640
12370	93034
12373	374864
12374	283209
12375	84295
12376	221409
12378	84108
12381	132789
12383	112479
12390	161835
12392	200845
12393	91369
12395	55212
12399	124460
12400	196410
12401	91703
12402	200312
12403	84866
12404	87178
12406	114790
12407	85415
12408	164656
12410	125950
12411	134549
12412	220972
12414	256126
12416	146845
12418	124056
12419	130576
12420	164091
12421	137075
12422	126306
12423	81533
12424	113000
12425	23052
12427	84282
12429	90204
12431	55374
12432	157570
12433	26263
12435	84936
12437	150084
12440	137695
12441	339123
12442	84327
12443	113189
12444	84902
12448	92335
12449	122786
12450	55839
12452	91283
12455	387338
12457	220064
12459	85409
12460	116966
12461	84286
12464	7690
12465	84320
12466	199221
12469	118460
12471	129880
12472	221302
12473	79027
12474	120379
12475	124401
12477	81532
12481	114904
12482	81542
12484	84870
12485	55209
12486	149111
12490	112464
12491	133619
12492	375033
12494	168667
12495	219621
12499	131566
12502	85509
12504	91862
12505	84321
12506	653121
12508	55471
12509	93343
12513	55559
12514	25776
12515	57217
12516	221154
12517	130560
12520	132321
12522	84249
12523	9481
12524	26147
12525	84656
12528	150372
12533	80896
12534	93643
12535	84329
12536	116113
12539	81788
12540	134526
12541	91452
12542	83931
12543	53829
12544	23214
12551	128153
12552	124512
12553	85406
12556	286133
12558	338755
12559	85444
12560	123036
12561	85403
12564	221078
12566	150962
12568	29916
12569	116071
12571	57718
12572	57613
12573	92667
12574	23383
12576	151354
12578	147323
12579	388730
12580	84197
12581	83450
12583	283953
12584	89953
12585	84934
12590	23074
12592	79847
12594	144233
12595	160140
12601	83657
12602	219938
12603	345456
12605	161502
12606	221421
12607	112869
12609	83890
12612	80097
12613	5097
12614	81857
12615	136263
12616	55957
12617	131870
12619	83596
12620	345274
12621	128209
12622	84933
12623	25943
12630	94240
12631	7750
12632	84333
12634	112487
12636	54602
12637	140458
12638	23071
12640	140732
12641	112752
12642	89886
12644	93323
12648	146433
12649	84336
12654	151531
12657	81553
12658	347732
12659	84236
12661	196074
12664	114984
12667	84064
12668	90231
12669	56246
12670	153642
12672	153222
12674	79722
12676	89894
12677	56164
12680	326625
12681	392399
12683	57471
12684	91368
12685	115353
12686	84260
12687	81606
12689	222171
12691	79142
12693	148327
12695	79658
12696	65005
12697	94031
12698	115265
12700	159090
12703	340547
12705	90529
12706	114757
12707	9814
12708	152992
12710	130535
12712	287015
12713	55030
12715	375287
12718	80279
12719	116150
12720	83666
12722	116068
12723	196383
12724	23275
12725	2736
12726	390275
12728	221477
12729	57622
12730	80762
12731	80774
12732	80775
12733	80776
12734	64332
12735	80312
12736	80315
12737	283987
12738	80817
12739	80823
12741	80854
12744	3982
12745	81539
12746	889
12749	256949
12750	10916
12754	196403
12755	114294
12759	81491
12767	81037
12769	81501
12771	81550
12772	81552
12774	81556
12775	81558
12776	81563
12778	64949
12779	81572
12781	81575
12785	23780
12787	122953
12788	114899
12789	81543
12791	26692
12793	79363
12794	81602
12795	81603
12797	81609
12798	81615
12799	81621
12800	81626
12801	81627
12803	81691
12804	81693
12805	81706
12807	81790
12808	81792
12809	81793
12811	81797
12812	81844
12814	81875
12816	23109
12818	919
12819	55764
12820	152831
12821	84662
12822	4481
12824	81888
12825	81892
12832	51561
12834	91851
12837	56154
12838	56155
12842	83448
12844	83464
12847	51742
12848	118788
12850	56165
12851	83844
12853	84958
12855	94120
12856	80114
12857	83690
12860	83538
12861	83539
12862	83541
12863	83543
12865	83546
12866	83552
12868	83605
12869	83638
12870	83643
12873	83667
12874	83694
12875	83695
12876	83699
12877	83706
12878	83707
12881	83742
12882	83746
12887	64902
12888	80835
12890	83756
12892	9381
12893	27439
12894	59283
12895	59284
12896	64518
12899	114898
12900	114905
12901	83849
12902	83851
12903	83852
12904	83853
12907	83862
12908	83871
12910	83873
12912	83875
12914	83878
12917	83887
12918	83894
12920	7442
12921	145957
12924	79102
12926	83937
12928	83941
12929	83953
12931	83959
12932	83986
12933	83989
12935	83999
12936	84000
12938	23426
12942	84056
12944	84060
12949	84069
12951	84074
12956	84079
12957	84080
12959	84085
12960	84100
12961	84101
12962	84103
12963	84106
12964	92126
12969	84141
12970	23172
12971	84146
12972	84152
12975	84167
12976	84168
12977	84171
12978	84173
12985	84187
12986	84189
12988	84196
12991	84215
12992	84216
12993	84217
12995	84225
12996	84229
12997	84230
12998	84231
12999	84240
13000	84250
13001	84251
13002	54856
13003	84253
13005	84267
13006	84268
13007	84271
13008	84279
13009	84280
13015	84317
13018	84342
13019	84343
13020	65266
13021	53836
13022	84376
13023	84432
13024	84433
13026	84450
13028	84457
13029	84461
13031	84465
13033	84498
13034	84502
13035	7918
13036	64975
13038	84517
13039	84518
13041	64333
13043	84541
13046	57595
13047	84572
13048	84614
13052	84620
13053	84628
13054	84631
13057	84632
13058	153090
13059	84636
13060	27198
13062	84645
13066	84669
13067	84674
13069	84678
13072	84681
13074	84688
13075	84689
13076	84690
13077	84691
13078	84693
13080	84699
13082	84701
13085	84734
13090	84759
13093	84769
13097	84795
13099	84803
13100	84804
13101	84807
13102	84811
13105	84816
13106	84824
13107	84830
13108	84838
13109	84842
13111	84859
13112	25960
13114	84872
13115	84873
13117	84876
13118	84878
13120	84886
13121	84890
13122	84891
13125	84895
13127	84905
13133	84918
13134	84919
13135	84923
13137	84925
13138	84926
13142	84941
13143	84944
13146	84950
13147	84951
13149	84953
13151	84957
13152	84959
13153	84966
13154	84967
13155	84969
13156	84971
13158	84985
13159	84986
13161	84988
13162	84991
13163	85016
13165	85025
13167	85027
13168	51750
13176	55432
13183	10713
13194	27328
13195	85360
13196	64651
13197	585
13198	89782
13199	85417
13200	3888
13202	8718
13205	84675
13206	85300
13207	63948
13210	130951
13211	390916
13212	2177
13214	85364
13215	92211
13221	93627
13222	91754
13223	85366
13225	85438
13226	85478
13227	89866
13228	89790
13230	10317
13232	93611
13236	89927
13237	93377
13239	90355
13240	92922
13241	9830
13242	11168
13245	5371
13249	90134
13250	84752
13251	23405
13291	988
13302	57617
13311	6616
13330	162466
13349	55681
13362	92002
13376	150379
13388	157769
13421	347404
13463	80209
13493	11342
13499	148362
13503	201627
13546	254394
13547	255027
13570	84206
13574	23317
13579	1262
13584	246213
13612	114823
13624	205327
13630	127124
13654	2585
13655	126789
13666	64772
13668	127495
13683	127018
13685	284129
13729	122706
13754	132001
13770	115111
13773	150209
13775	89910
13786	27127
13795	169026
13806	57589
13807	57654
13810	283820
13810	23420
13810	408050
13827	161823
13844	200205
13852	118924
13886	338657
13945	150274
13954	51398
13963	391356
13964	23350
13968	167227
13983	124997
14000	9673
14025	200539
14033	161514
14036	6049
14043	905
14052	55718
14055	171586
14061	157506
14062	200081
14065	201973
14084	123228
14108	91608
14110	91689
14111	26035
14113	81786
14115	286336
14116	85464
14117	85456
14118	85441
14121	93436
14122	91304
14124	85457
14125	83992
14126	90865
14127	89848
14128	91107
14129	55809
14130	90427
14131	26261
14133	84976
14134	85453
14135	93663
14136	222894
14138	255743
14140	90933
14143	165545
14145	23014
14146	90060
14150	64170
14151	90634
14155	56666
14156	89891
14157	90416
14160	92304
14161	92610
14163	93185
14164	112574
14166	113791
14167	114569
14171	114785
14172	114791
14173	114792
14174	114798
14175	114801
14176	114824
14177	114908
14179	115019
14180	115294
14183	115362
14184	115584
14188	115825
14189	116092
14190	116135
14191	116159
14192	116179
14194	116328
14197	116519
14198	116842
14200	116039
14201	167826
14202	4638
14204	112398
14205	116840
14206	116841
14207	117144
14208	117145
14209	55785
14210	387733
14211	80155
14223	55363
14225	81559
14227	118980
14228	119559
14229	23085
14230	375341
14235	113091
14237	140606
14238	5889
14239	11146
14243	83648
14244	117166
14247	55607
14249	8567
14251	22953
14253	65125
14254	57498
14255	50848
14257	152330
14260	122961
14268	122481
14272	201626
14273	83550
14274	117156
14279	54849
14280	283248
14282	57504
14285	114609
14286	117248
14287	117286
14289	5031
14290	116138
14291	7809
14311	122402
14314	55129
14332	131096
14334	220323
14376	4750
14377	79633
14380	93145
14381	117854
14383	59271
14384	85395
14386	143686
14397	91875
14427	153830
14428	219623
14449	55219
14452	898
14453	254013
14460	146712
14468	79659
14472	255919
14482	116154
14518	91137
14519	153396
14529	342035
14548	135892
14549	126792
14558	55735
14562	51071
14575	57724
14583	201163
14584	23258
14586	166785
14597	192111
14598	116064
14600	79699
14601	196528
14613	91782
14618	4976
14626	143941
14627	342372
14632	29063
14638	133686
14666	146862
14667	113510
14672	23504
14675	145567
14678	10162
14684	219541
14701	124936
14708	25992
14709	55245
14713	200933
14728	199223
14730	144193
14738	132158
14748	8812
14762	23333
14763	54480
14774	6003
14780	9905
14787	129531
14805	23276
14821	285521
14831	23059
14846	131474
14858	113026
14860	153020
14871	254428
14879	118987
14899	147700
14910	54879
14916	23150
14924	55568
14939	254295
14943	375323
14958	197322
14974	57495
14978	145173
14981	149095
14986	340485
14988	123016
14995	114781
15012	758
15016	23241
15019	25780
15025	23116
15031	51091
15037	23516
15039	195814
15054	154197
15058	286097
15088	11112
15090	400224
15095	146923
15107	159963
15119	57732
15125	390937
15129	79969
15140	23313
15141	256356
15146	170690
15156	162517
15168	170850
15174	153364
15196	245812
15202	26160
15214	146909
15221	1768
15267	23008
15271	144699
15333	266743
15342	4705
15349	10361
15377	170825
15399	349149
15400	171024
15401	161497
15402	122042
15403	79033
15410	8613
15411	5778
15412	51374
15414	128434
15415	128497
15417	139716
15419	140689
15422	140701
15424	27091
15425	92092
15427	59285
15429	64806
15430	128178
15433	129807
15435	140825
15436	140831
15438	140876
15440	140894
15441	140901
15442	122809
15444	142680
15445	142686
15446	142689
15448	117579
15450	137970
15452	197258
15481	9581
15484	92181
15494	200185
15495	201780
15501	286451
15511	27349
15516	115106
15522	87769
15523	286205
15555	84964
15558	220002
15560	129831
15562	284131
15563	121665
15565	125150
15570	93380
15583	55187
15586	138050
15591	348793
15596	818
15601	84126
15603	89857
15604	80824
15605	170589
15606	116444
15607	121340
15610	23384
15619	353116
15633	170591
15634	140880
15635	115727
15638	55630
15639	127343
15642	161725
15643	388743
15655	91750
15668	223082
15687	9711
15690	84445
15693	23412
15741	25876
15760	79134
15767	54869
15769	9934
15772	202559
15773	113263
15775	23209
15776	133522
15777	147179
15778	154796
15779	22907
15780	11332
15781	392862
15782	91977
15783	145270
15796	91746
15797	115752
15814	284992
15843	79591
15848	2078
15849	171017
15850	25836
15852	147372
15853	125981
15854	9495
15855	2852
15856	868
15858	27133
15859	84525
15860	171019
15863	220004
15866	245973
15868	132851
15872	23270
15874	134429
15878	79574
15879	60672
15880	84626
15881	171389
15882	112616
15885	10758
15886	150275
15889	171546
15890	286077
15891	27351
15892	286676
15894	84818
15895	91683
15900	149428
15903	23187
15904	25841
15906	64426
15927	284403
15931	92370
15945	124637
15975	134111
15988	1954
15994	9831
16012	257019
16014	128077
16023	80162
16024	201164
16043	90527
16057	123688
16059	201965
16062	142678
16081	200150
16092	27154
16120	219899
16121	343450
16123	146956
16155	123879
16173	4943
16195	80031
16205	352909
16212	135138
16227	57466
16228	389816
16234	54455
16235	23254
16268	285362
16281	221294
16283	128817
16284	53342
16286	154661
16293	90313
16297	90799
16298	90826
16299	91056
16300	91272
16301	91523
16303	92106
16304	92579
16305	92691
16307	112609
16310	113201
16311	113622
16313	113828
16316	115207
16317	115416
16318	115509
16319	115761
16320	115908
16321	116143
16322	116173
16323	130026
16324	146059
16325	29948
16326	127550
16327	80852
16328	90332
16330	89801
16331	30837
16332	93035
16336	5314
16338	139599
16339	192134
16340	145282
16341	64857
16342	90693
16343	91300
16344	93081
16345	94122
16346	115950
16347	116254
16348	119710
16349	120224
16350	122618
16352	129138
16353	130940
16354	131177
16355	143241
16357	245711
16359	344758
16363	29974
16364	164633
16365	283349
16367	81832
16368	128674
16371	225689
16372	11093
16373	170691
16374	63915
16375	219931
16376	84142
16377	57661
16378	129303
16382	401036
16383	140766
16385	91039
16386	91614
16390	146562
16392	161931
16393	221120
16396	150677
16402	134957
16403	158427
16406	203190
16408	163175
16409	246176
16410	246184
16412	259287
16453	65065
16454	130814
16501	254170
16510	254956
16513	11273
16531	85302
16533	115948
16553	139212
16584	151556
16598	283471
16600	730094
16619	79091
16628	161003
16635	118812
16662	255520
16751	201931
16776	221927
16780	134145
16782	91433
16796	134510
16801	284451
16809	388021
16811	9696
16813	9356
16823	727936
16829	57623
16855	57182
16887	51491
16890	399664
16917	84326
16927	57010
16930	149233
16931	152185
16932	90806
16934	90861
16936	94097
16937	116372
16939	118813
16941	119032
16942	121355
16943	122060
16944	123355
16946	124790
16947	125336
16948	125965
16951	127579
16952	128218
16953	128229
16954	130132
16955	130557
16958	3512
16959	133690
16963	139324
16964	144406
16965	144423
16966	144717
16970	147746
16971	147798
16972	91662
16973	147872
16977	148741
16981	151649
16982	151651
16985	152815
16986	155051
16987	26086
16988	54033
16989	140775
16992	341405
16993	284207
16996	113277
16997	9205
16998	340371
17000	399909
17001	115426
17004	57506
17005	203197
17006	144715
17009	55700
17011	158248
17012	158763
17013	159013
17016	166863
17017	196441
17019	201255
17021	203102
17022	219670
17023	116535
17027	221545
17028	163590
17030	91775
17032	252969
17034	143630
17035	147339
17038	221443
17039	246329
17040	162514
17041	441376
17043	93649
17045	245932
17046	91612
17048	118491
17049	93010
17054	122651
17055	124402
17056	126731
17057	132671
17058	146542
17059	146894
17060	148738
17061	159296
17063	199731
17065	219790
17067	221002
17070	201501
17072	149708
17076	165324
17077	122616
17078	387914
17079	414919
17081	200010
17083	339344
17084	388228
17087	246778
17089	93594
17092	219409
17098	11040
17099	146852
17100	90102
17101	644168
17102	158056
17103	118427
17106	126147
17107	10849
17109	132014
17111	10655
17112	338596
17113	388531
17115	112744
17117	132884
17120	10495
17122	25948
17123	222008
17124	23138
17128	162387
17129	255394
17130	201191
17131	342667
17132	55615
17134	375387
17135	200958
17136	221496
17137	11074
17139	163882
17140	54863
17141	57706
17142	133022
17143	338094
17144	27245
17145	338773
17147	285966
17150	339302
17151	54816
17152	259173
17154	376132
17155	259236
17156	139231
17167	79317
17179	346525
17185	81448
17186	390093
17189	387748
17234	390201
17269	390431
17270	390437
17287	284383
17295	283189
17299	219482
17301	390157
17313	286365
17314	219875
17320	158131
17339	219983
17342	219982
17358	128367
17362	81442
17363	128371
17366	128372
17373	219957
17377	219858
17380	143502
17383	128366
17394	219954
17395	283162
17398	390199
17402	219437
17404	390063
17409	138802
17415	219873
17416	338662
17418	138805
17434	79290
17436	26248
17439	121130
17443	138882
17457	392138
17458	219959
17463	219479
17464	219493
17468	403239
17470	144124
17472	389090
17479	347169
17480	119678
17481	390066
17483	255725
17484	341152
17485	135946
17489	390064
17493	143496
17498	119692
17500	119695
17503	143503
17506	390036
17513	79324
17514	390061
17517	10142
17518	90362
17519	118856
17523	115290
17525	91978
17526	121643
17528	149461
17529	222545
17530	125111
17531	504180
17531	245908
17533	90488
17535	91442
17541	93190
17543	116028
17544	119467
17546	120534
17547	121053
17548	121274
17549	122416
17551	123591
17552	123624
17554	124783
17555	124935
17556	125113
17559	125875
17561	126129
17562	126549
17563	126695
17564	126868
17566	127703
17567	127707
17568	127733
17569	130162
17570	65062
17571	131377
17572	134553
17576	138639
17579	144321
17580	144577
17581	145483
17582	145581
17583	145645
17584	145773
17586	146050
17587	146556
17592	148304
17594	148581
17595	148789
17596	148870
17597	149175
17604	150684
17606	151126
17609	151525
17610	152002
17613	152404
17614	152405
17616	153643
17617	153733
17618	153769
17621	158038
17622	158067
17623	158521
17625	161176
17627	161829
17629	163033
17630	163747
17631	164127
17632	164312
17633	164684
17634	166379
17637	167465
17643	200523
17644	201456
17647	205564
17649	219736
17650	219793
17651	220001
17652	220296
17653	220388
17654	221074
17656	221687
17657	221914
17660	222389
17662	254050
17663	254187
17666	254778
17668	256309
17673	257397
17674	85015
17678	222229
17680	222865
17682	261729
17683	165829
17684	157753
17686	144165
17687	154881
17688	118738
17690	84639
17691	79178
17692	219770
17695	353238
17696	126298
17697	147040
17699	125988
17700	83741
17701	389941
17703	80311
17705	253559
17706	23189
17708	120425
17709	124602
17710	128272
17711	134288
17712	144811
17713	148113
17716	163183
17717	169693
17719	255928
17721	256472
17722	256691
17724	257240
17727	283869
17728	127002
17731	26259
17732	146330
17734	167681
17737	222484
17738	7401
17739	22996
17762	51175
17764	2849
17780	266727
17782	23251
17786	339479
17788	286257
17790	255738
17792	283899
17795	200728
17796	222537
17798	123041
17799	196500
17800	131583
17801	203100
17802	195828
17803	127435
17805	143888
17806	132112
17807	254228
17810	54344
17812	252995
17813	29949
17815	146439
17817	91179
17819	285613
17821	143384
17822	148479
17823	57231
17824	23432
17826	165082
17827	200407
17828	221188
17839	147463
17840	254887
17851	284352
17853	167555
17889	166336
17900	374897
17918	255426
17926	126328
17947	122830
17953	151987
17964	4038
17995	132864
18000	83637
18013	92558
18021	84928
18028	131076
18036	284361
18102	84897
18123	140730
18125	151306
18129	222487
18139	153129
18141	27094
18142	27164
18145	342510
18151	55194
18153	84458
18155	122773
18156	10811
18157	3603
18159	57545
18162	79960
18163	55117
18168	202
18170	151242
18172	80309
18173	9515
18178	344805
18180	80731
18182	90379
18183	65249
18184	285172
18185	256646
18186	126669
18192	154043
18193	54059
18194	85451
18195	23185
18196	166968
18197	57544
18199	23151
18203	147381
18204	55626
18206	84978
18208	23349
18209	1955
18210	285489
18212	132660
18213	9907
18214	340277
18215	9586
18218	8479
18221	29068
18222	4013
18223	57476
18225	340152
18226	84456
18227	283373
18229	284076
18235	340419
18237	168002
18238	340706
18239	57624
18241	90874
18243	54796
18244	163782
18247	401387
18252	123722
18255	341277
18256	157285
18257	27324
18258	255239
18259	79834
18260	131873
18262	256380
18264	79822
18265	286183
18269	282679
18272	139065
18276	58512
18278	27177
18279	3909
18282	317671
18283	389558
18287	286046
18290	155185
18291	221895
18292	340745
18293	220107
18296	23322
18299	126402
18301	134285
18302	139411
18303	146547
18304	146779
18306	148753
18307	150864
18308	154807
18309	157777
18311	160298
18312	163589
18313	170384
18315	205428
18316	205860
18317	220441
18318	222546
18319	222643
18320	222950
18321	222967
18321	728194
18328	283358
18330	283847
18333	284339
18336	284716
18337	284996
18339	285051
18340	285126
18342	285367
18344	286514
18345	22899
18346	23306
18347	374378
18348	157695
18350	100127206
18355	646892
18356	347454
18357	391723
18358	201633
18361	283237
18364	286075
18365	124912
18366	138046
18368	25966
18369	374986
18370	326340
18372	91942
18373	93550
18374	124599
18375	128859
18376	129530
18377	143458
18379	157638
18382	204474
18383	254240
18384	6330
18386	283431
18390	130074
18393	121642
18397	123904
18398	343521
18400	283652
18401	131368
18404	29969
18405	8658
18407	91582
18409	91298
18413	90326
18414	56977
18415	285386
18417	253769
18420	2845
18421	283571
18422	259217
18425	221938
18426	79654
18428	149345
18429	345079
18431	80727
18433	339448
18435	80761
18439	378884
18444	157313
18447	116115
18450	340120
18451	149297
18454	341640
18456	348807
18457	285601
18459	389072
18461	91752
18462	165215
18464	386617
18465	392617
18466	94059
18467	23403
18468	338322
18469	116534
18470	340578
18476	122876
18477	63951
18483	254773
18484	285782
18485	57507
18487	126074
18488	134548
18491	162540
18492	283897
18516	25894
18529	168850
18530	338321
18531	338323
18532	126382
18534	338376
18537	57460
18538	388135
18541	554251
18542	375567
18543	23105
18544	643904
18546	25903
18548	221833
18551	163479
18555	130574
18556	126432
18560	339965
18561	151647
18563	339398
18564	8816
18567	3696
18568	79649
18573	80045
18578	150368
18579	388335
18580	84504
18581	79089
18582	84435
18584	57404
18590	23302
18594	84247
18598	85449
18603	9686
18605	388552
18606	220032
18607	146177
18611	146760
18612	387856
18614	151963
18616	391123
18617	56262
18619	339976
18620	729085
18621	158835
18622	340359
18623	55083
18624	160777
18626	83850
18628	100526832
18628	151230
18629	283849
18630	146212
18634	63923
18638	378807
18639	374955
18641	157657
18642	337867
18643	60437
18646	283985
18648	58476
18649	347902
18651	338328
18653	340596
18654	145864
18657	116379
18660	152877
18662	387509
18664	89958
18669	128876
18670	139760
18671	140836
18677	285671
18678	338811
18679	387911
18680	339456
18682	339669
18683	349667
18685	144455
18688	66000
18690	64764
18691	387712
18692	147991
18695	220929
18696	57689
18698	25888
18700	161145
18701	139886
18702	23201
18704	643236
18706	25900
18707	196740
18712	285313
18713	154313
18714	151790
18716	143903
18717	149563
18719	204219
18720	197358
18721	123264
18724	253012
18727	400673
18728	134265
18736	254065
18739	25861
18741	7373
18744	389125
18745	23180
18748	3607
18749	23625
18752	3266
18754	134391
18755	497190
18759	128344
18760	159989
18762	90624
18763	124773
18764	144347
18764	100533183
18765	200186
18766	257106
18768	4588
18769	338557
18770	350383
18771	353345
18773	286148
18775	339403
18778	221527
18780	283489
18781	4101
18781	266740
18789	126299
18790	135886
18792	165257
18793	199990
18794	222662
18797	284348
18799	284680
18800	286006
18802	344658
18804	348013
18806	348487
18807	359710
18809	359845
18810	388649
18811	284467
18813	346389
18814	2841
18817	90187
18818	441027
18819	57820
18820	200894
18821	56999
18822	55904
18826	360203
18827	140691
18829	55225
18830	390443
18831	339501
18833	143678
18834	646424
18835	114794
18838	399823
18839	162394
18842	255798
18846	340526
18855	90167
18858	404550
18859	375759
18864	57822
18865	84109
18866	4810
18867	196264
18868	340061
18869	80790
18871	164832
18873	200844
18874	253714
18875	284340
18876	284353
18879	339390
18881	341032
18882	344838
18886	374907
18887	375061
18888	375307
18889	375444
18891	377007
18892	124626
18893	116512
18897	57480
18898	90025
18901	64926
18902	23379
18903	440193
18905	90288
18907	57452
18912	57188
18916	57526
18920	85462
18923	9728
18924	57701
18927	23271
18929	22989
18930	23329
18932	91461
18933	27146
18935	26953
18937	84627
18938	57569
18939	158471
18941	54531
18942	23261
18945	23135
18946	85461
18947	92196
18948	56271
18949	92235
18950	92312
18952	57606
18953	22998
18956	57568
18957	57479
18958	57643
18966	57662
18967	9853
18968	57494
18969	23354
18970	26153
18975	114991
18981	89849
18982	120892
18983	126208
18986	127003
18988	129852
18989	129881
18990	130106
18991	130502
18996	127665
18998	118611
19002	120237
19010	125931
19012	126567
19013	128611
19018	131149
19019	100132916
19021	729330
19023	120376
19024	122525
19025	135293
19028	146167
19034	148229
19035	84144
19036	149041
19037	150763
19038	84542
19041	100505841
19046	158358
19055	170370
19056	170394
19058	145853
19060	440603
19061	140862
19062	150223
19063	150946
19064	152503
19065	79192
19067	55636
19076	54467
19077	100505591
19078	390792
19080	22861
19082	342618
19095	57481
19108	201140
19111	200159
19115	85460
19117	200726
19123	340146
19127	25759
19128	283377
19131	84140
19137	284067
19140	388381
19144	284069
19151	647286
19154	389362
19155	65268
19164	387694
19166	338879
19167	23034
19173	113251
19179	390667
19180	197342
19182	57497
19183	221424
19192	389336
19195	144097
19202	157922
19208	343990
19210	389084
19218	388799
19221	343263
19225	84904
19229	84879
19231	388611
19232	55057
19233	374946
19234	388591
19235	166647
19241	389541
19243	388969
19247	387837
19251	55196
19252	389549
19256	729440
19257	342897
19259	112703
19260	342918
19263	124446
19268	80313
19271	157697
19272	619373
19274	388284
19278	221191
19280	23366
19283	56905
19285	390594
19287	57467
19318	80122
19330	91748
19331	145497
19354	338761
19361	645811
19364	221400
19365	441151
19366	23506
19370	57608
19371	80816
19378	9849
19381	57512
19382	403341
19385	219527
19388	129446
19390	343702
19395	340554
19397	203430
19406	56000
19407	23096
19408	170082
19426	345193
19431	127731
19432	127294
19435	222194
19442	54476
19471	342371
19472	22997
19476	644672
19477	390595
19478	222584
19480	388121
19481	388324
19482	221178
19483	57523
19484	57577
19487	1370
19490	57710
19492	388610
19503	344892
19504	205717
19505	285335
19509	54522
19511	57673
19512	170954
19517	219981
19521	221061
19524	26005
19526	26032
19527	255324
19528	255275
19529	253461
19533	3223
19540	541565
19542	163259
19544	26267
19545	203286
19546	339983
19547	143570
19551	221301
19559	284071
19560	55701
19566	728780
19567	399694
19571	348262
19575	23207
19583	390205
19586	169436
19589	340533
19596	83547
19598	282969
19600	283578
19603	284417
19617	339416
19618	91687
19625	374655
19629	140686
19633	374977
19635	25938
19641	80125
19642	9836
19648	84624
19652	100507290
19662	8463
19664	220074
19671	342357
19674	55567
19680	60495
19687	114825
19697	54625
19711	25778
19716	9778
19719	341799
19736	390748
19746	79957
19751	54848
19759	340527
19773	494513
19774	100131244
19782	57670
19783	155061
19792	388939
19803	339366
19806	121549
19813	91893
19814	390616
19815	84059
19818	389119
19824	389396
19835	375337
19837	150726
19844	283150
19853	57462
19857	388551
19876	343171
19879	80320
19885	339453
19919	780776
19922	283459
19923	388722
19936	55780
19938	148014
19940	4308
19943	389813
19952	84455
19960	134701
19997	23248
20002	400745
20003	100128927
20006	83481
20043	389124
20046	375189
20056	389668
20057	35
20058	94
20060	229
20063	540
20064	554
20065	590
20071	1286
20077	2162
20078	2517
20079	2538
20081	2696
20083	2741
20084	2779
20086	3075
20088	3291
20089	3293
20090	3643
20091	3655
20092	3689
20097	4594
20099	4634
20100	4644
20101	5213
20103	5265
20104	5311
20108	6121
20113	6906
20119	1290
20123	1959
20128	3897
20132	5172
20135	203
20137	359
20138	410
20139	462
20144	8288
20146	3073
20147	3239
20148	3350
20151	5972
20152	963
20155	2876
20156	6696
20159	5104
20162	127
20165	134
20166	135
20167	136
20170	152
20171	153
20172	186
20175	218
20179	279
20182	496
20183	762
20184	774
20185	777
20186	782
20187	784
20188	785
20189	1128
20190	1129
20191	1131
20192	1132
20193	1135
20196	1143
20215	1815
20216	1816
20217	2555
20218	2556
20219	2558
20220	2559
20221	2560
20223	2572
20224	2743
20225	2891
20226	2890
20227	2893
20229	2912
20230	2914
20232	2916
20233	2917
20240	3352
20242	3358
20243	3360
20244	3363
20247	3695
20248	3762
20249	3759
20251	4129
20252	4985
20253	4986
20255	5021
20256	5143
20260	5724
20261	5734
20262	5914
20263	5916
20277	6241
20280	6340
20283	6558
20285	6753
20286	6754
20287	6755
20288	6869
20312	308
20318	397
20319	400
20320	586
20322	658
20324	765
20325	768
20327	771
20329	844
20330	845
20331	871
20332	874
20333	954
20335	1012
20342	1174
20343	1192
20344	1230
20347	1400
20350	1524
20352	1609
20353	1613
20357	1770
20359	1807
20361	1809
20362	1837
20363	1937
20364	1964
20367	1994
20372	2274
20373	2296
20377	2535
20378	2683
20379	2733
20380	2863
20386	3340
20388	3622
20391	92
20393	728113
20393	653145
20396	334
20398	362
20399	363
20403	393
20410	655
20411	660
20412	727
20413	728
20414	759
20417	866
20419	896
20420	928
20422	951
20423	953
20424	1000
20425	1001
20429	1062
20432	1158
20435	1182
20436	1232
20437	1282
20438	1299
20444	1459
20445	1464
20446	1503
20453	1675
20454	1990
20455	1991
20457	2065
20458	2145
20461	2264
20466	2357
20470	2569
20471	2570
20474	2767
20477	2817
20479	2877
20480	2878
20482	2926
20485	3003
20489	3055
20490	3067
20494	27316
20498	3249
20500	3336
20508	3678
20510	3685
20511	3693
20512	3732
20514	3739
20515	3755
20516	3782
20517	3787
20518	3790
20520	3839
20521	3840
20523	3851
20532	4034
20533	4045
20538	4147
20539	4163
20544	4312
20545	4314
20546	4319
20547	4321
20548	4322
20549	4324
20553	4621
20558	4635
20559	4692
20560	4829
20562	4832
20568	5030
20569	5046
20571	5055
20574	5087
20579	5214
20580	5268
20581	5286
20582	5287
20584	5307
20589	5375
20595	5523
20602	5582
20613	5652
20616	5699
20621	5786
20623	5792
20626	5802
20628	5862
20629	5864
20632	5899
20637	5954
20652	6456
20654	6477
20655	6509
20658	6541
20659	6542
20660	6548
20661	6549
20662	6566
20663	6569
20664	6570
20665	6580
20670	6602
20671	6603
20672	6625
20679	6775
20680	6776
20681	6786
20684	6920
20685	4779
20688	7021
20689	7047
20690	7053
20691	7060
20692	7072
20693	7089
20694	7096
20695	7097
20696	7098
20698	7100
20700	7105
20701	7111
20704	7138
20707	7201
20708	7222
20709	7226
20711	7289
20712	7297
20714	7321
20715	7368
20716	7375
20718	7461
20719	7472
20720	7474
20721	7480
20722	7483
20724	7529
20729	7553
20737	7743
20739	7852
20742	8048
20744	8073
20748	8291
20750	8321
20751	8324
20789	8407
20791	8419
20793	8428
20794	8440
20796	8447
20798	8484
20802	8500
20803	8509
20807	8549
20811	8630
20819	8683
20824	8754
20827	2494
20829	8800
20830	8805
20831	8820
20832	8821
20834	8850
20839	8895
20842	8934
20844	8938
20847	7204
20850	9038
20851	9053
20856	1756
20857	302
20860	622
20861	767
20865	1263
20867	1520
20868	1690
20869	1739
20870	1845
20871	2307
20874	2790
20879	5874
20881	6505
20882	6507
20883	6545
20885	6405
20888	8973
20889	9066
20891	9153
20897	9321
20899	9333
20900	9367
20901	9376
20902	9545
20903	9617
20906	91
20908	312
20909	392
20910	444
20911	657
20915	975
20916	977
20917	999
20920	1394
20922	1662
20926	1855
20927	1856
20928	1857
20929	1969
20930	1993
20931	2009
20933	2043
20935	2045
20936	2047
20938	2049
20939	2050
20940	2051
20944	2719
20949	3786
20952	4036
20956	5269
20957	5330
20959	5458
20965	6434
20966	6721
20967	7102
20968	7103
20969	7476
20970	7481
20972	7869
20973	8028
20974	4868
20976	8825
20979	9063
20983	9119
20984	9120
20985	9121
20987	9144
20990	9194
20993	9245
20994	9249
20999	9311
21001	9313
21002	5469
21004	9375
21005	9378
21007	9402
21008	9423
21009	9473
21010	9475
21013	9486
21014	9513
21020	9601
21021	9605
21022	9619
21025	360
21026	793
21027	1004
21030	1795
21032	3185
21033	3717
21034	3737
21035	3750
21036	3752
21040	4323
21041	4897
21043	5136
21045	5274
21047	5465
21051	6097
21053	6478
21055	6511
21056	6560
21058	7088
21059	7090
21061	8233
21063	9638
21064	676
21067	9969
21068	9980
21069	9990
21072	157
21073	230
21074	390
21080	1237
21081	1630
21083	2042
21084	2066
21085	2117
21086	2122
21087	2150
21091	2303
21092	2780
21094	2825
21095	2829
21096	2831
21097	2847
21098	2925
21099	3004
21113	4640
21120	6714
21123	8153
21124	10004
21127	10050
21129	3675
21130	19
21132	949
21135	1233
21136	1657
21137	3110
21142	3626
21145	3868
21146	284217
21148	4012
21149	4059
21150	4188
21151	5205
21153	5928
21155	6510
21158	7025
21163	9013
21164	10057
21165	10062
21166	10085
21167	10755
21168	10099
21169	10100
21170	10103
21173	10121
21175	10155
21177	10181
21179	10203
21182	7001
21183	10220
21191	10274
21192	10283
21193	10294
21195	3417
21196	4086
21197	4087
21198	4093
21202	4301
21207	4543
21214	7704
21215	7763
21216	8289
21218	9388
21220	9956
21221	10307
21222	10319
21223	10333
21228	10391
21230	10398
21231	10411
21234	757
21237	3001
21239	3960
21240	4025
21241	4889
21243	5090
21244	5125
21247	5270
21248	5276
21249	5290
21250	5291
21252	5333
21253	5407
21255	5457
21263	5588
21265	5977
21267	7094
21268	7745
21274	10446
21276	10472
21280	10491
21282	10507
21286	10541
21289	10611
21290	10612
21295	2192
21296	4857
21300	6336
21304	6990
21312	10723
21314	10752
21317	10769
21318	10776
21319	10786
21321	10797
21322	10808
21324	10815
21327	6512
21328	10864
21330	10880
21331	10893
21333	10908
21334	10912
21341	7866
21353	23682
21355	11004
21357	11010
21360	11018
21361	11021
21362	11034
21366	463
21371	4649
21373	6258
21375	6323
21378	6660
21381	9510
21383	11045
21385	11059
21389	11076
21392	11131
21397	7376
21398	7402
21401	158586
21404	11113
21408	10061
21409	11199
21410	11202
21411	11211
21412	11230
21413	11238
21414	11252
21416	11275
21417	11278
21419	11309
21422	11330
21428	6772
21477	3276
21542	5230
21564	5800
21600	5902
21610	9517
21620	9777
21661	2272
21744	50808
21832	259232
21848	2710
21853	55217
21858	8034
21915	374868
21941	284111
21972	162
22002	7317
22068	23230
22082	9282
22125	158747
22211	57144
22217	84186
22219	10289
22223	26063
22239	51082
22278	124222
22337	29114
22370	23223
22397	23431
22398	2768
22400	112
22401	285
22409	29984
22410	3184
22411	55973
22412	653
22416	728642
22419	57007
22421	1305
22423	1295
22426	23316
22430	1634
22431	50846
22436	2046
22443	2566
22444	2567
22453	57657
22455	54626
22456	64645
22461	3361
22462	439996
22465	3788
22468	64837
22472	23633
22473	3890
22475	3955
22477	1241
22482	4317
22494	5077
22495	54760
22500	11156
22515	9748
22516	127833
22519	7126
22520	7186
22522	7259
22524	7350
22525	80326
22526	7482
22527	7473
22528	89780
22529	54361
22530	81029
22531	7477
22542	8455
22544	8913
22546	10803
22547	1302
22548	1375
22551	1523
22558	1745
22559	1762
22560	1804
22561	1813
22566	2263
22567	259307
22568	51661
22570	2565
22574	2781
22575	2785
22586	3549
22589	63971
22604	137814
22608	26693
22609	4987
22610	22824
22614	10015
22621	171558
22623	401409
22627	50618
22628	23191
22630	6581
22631	55553
22648	64130
22649	55327
22650	50853
22651	9031
22659	22807
22663	84922
22664	2533
22669	4326
22672	57451
22673	55714
22674	29993
22678	553
22681	5352
22682	57715
22684	23657
22685	50813
22687	10595
22689	57113
22691	23439
22693	26985
22695	23452
22696	25825
22697	1133
22702	25801
22704	23433
22705	23493
22708	26548
22710	9643
22712	23266
22716	23555
22718	5275
22722	25794
22724	23635
22725	7532
22726	2744
22728	29895
22738	6331
22739	27347
22740	29103
22742	29110
22747	29942
22748	29952
22750	27128
22752	29964
22753	3992
22754	4796
22758	118
22759	311
22761	1823
22767	3948
22775	63826
22778	79258
22782	114625
22783	10347
22784	55324
22785	57447
22790	23162
22798	2568
22799	3613
22800	10165
22803	11173
22806	23746
22807	23787
22808	24149
22809	26253
22810	29803
22811	27012
22812	27039
22815	27314
22816	27330
22817	29767
22818	29850
22823	29995
22824	30820
22825	30846
22826	7827
22827	9639
22828	9647
22830	9698
22835	9744
22836	9746
22837	9754
22838	9757
22840	9770
22844	9859
22848	22843
22851	22877
22853	22985
22855	23001
22857	23039
22858	23042
22860	23062
22861	66008
22862	23097
22865	23127
22866	23129
22867	23142
22869	23149
22870	23169
22873	23221
22875	23235
22876	23236
22877	23244
22878	23284
22880	23301
22882	23321
22888	25817
22889	25864
22894	25898
22898	25936
22899	25950
22902	25977
22904	26002
22906	26052
22907	26053
22910	26090
22913	26146
22914	26148
22925	89846
22931	51350
22933	51582
22935	51050
22936	25961
22941	51375
22942	51087
22943	51092
22946	9033
22947	51668
22949	50944
22951	8898
22952	51147
22953	8554
22954	51148
22955	7223
22964	51181
22965	51411
22968	51735
22969	1063
22976	51678
22978	51247
22983	51292
22991	3192
22992	3181
22994	54810
22995	57111
22996	50937
22999	3688
23001	2185
23004	7976
23006	53632
23008	53919
23009	1731
23015	221662
23019	4620
23022	55576
23024	23293
23029	26505
23031	55601
23032	55603
23033	54795
23036	54813
23040	54862
23042	54898
23043	55633
23047	54910
23048	54913
23052	54946
23053	54955
23056	55013
23057	55667
23059	55033
23060	93664
23062	55061
23064	55680
23067	55112
23068	55113
23069	55116
23070	55118
23071	55124
23075	55143
23076	55713
23077	55719
23080	55188
23082	55204
23087	55255
23088	55268
23089	94134
23090	55282
23095	55317
23097	55787
23099	55790
23101	55796
23106	55862
23109	55454
23110	55466
23111	55502
23112	3773
23116	55915
23117	55529
23120	23208
23121	11057
23123	55971
23125	55958
23130	54014
23132	54407
23133	54413
23137	57690
23141	54507
23148	64405
23149	196883
23150	3781
23152	85397
23158	2868
23162	58155
23164	83715
23165	3188
23168	9641
23179	56603
23181	30012
23182	83449
23184	165721
23186	4154
23191	56674
23194	4632
23200	56924
23201	56934
23202	56853
23209	56882
23210	56992
23217	57088
23219	57048
23221	57101
23226	57198
23228	65009
23230	9457
23231	50831
23233	54039
23241	283297
23243	57162
23244	57336
23246	57406
23249	57535
23251	57552
23253	57559
23264	57679
23266	57699
23273	57864
23275	7549
23277	8884
23286	28513
23287	57786
23290	58498
23292	58504
23296	58538
23302	84612
23303	326624
23311	58529
23313	59084
23314	284021
23317	59349
23320	10287
23324	9572
23328	60492
23331	60626
23336	64122
23340	57282
23343	63934
23344	64063
23345	64066
23348	64106
23349	64132
23356	100505741
23357	64180
23359	64222
23360	149603
23361	64241
23363	64376
23366	64430
23369	64577
23371	79925
23375	64386
23377	64710
23378	64753
23379	64760
23382	64782
23383	64783
23384	64788
23385	114885
23386	79987
23389	10914
23391	65057
23393	23037
23394	81855
23395	65110
23401	65217
23404	1936
23407	10627
23409	201562
23411	23648
23420	115827
23421	55103
23429	78991
23430	78992
23433	79054
23435	79088
23441	79153
23450	9467
23454	79442
23455	79572
23459	79673
23460	79692
23461	79696
23464	79705
23465	79709
23468	79734
23469	79742
23475	79767
23477	79776
23480	79784
23484	79837
23485	79842
23487	79848
23488	79861
23489	79874
23493	79894
23499	79933
23509	80063
23514	80095
23516	80144
23519	80221
23520	80222
23522	80230
23523	80243
23528	80333
23529	53339
23530	80704
23531	80705
23543	401541
23544	92421
23546	80777
23547	126282
23551	169166
23553	93107
23555	404220
23565	128338
23566	85440
23569	162989
23571	90293
23580	84649
23582	151516
23585	162427
23587	137886
23588	145264
23595	441631
23598	84261
23600	127829
23604	131375
23611	23351
23617	123099
23618	121214
23629	283232
23631	89777
23632	333926
23633	327657
23634	91012
23642	151648
23645	553158
23645	23779
23647	140625
23648	139741
23652	338699
23654	93517
23656	157724
23662	8897
23664	223117
23665	23347
23668	127255
23670	117531
23672	79993
23682	257177
23686	81671
23692	202052
23700	203523
23703	9683
23708	116983
23710	30819
23713	81285
23715	81610
23717	81619
23727	56163
23732	83697
23734	10838
23741	83872
23742	116988
23743	83886
23744	83891
23749	83933
23766	84316
23770	84464
23771	84466
23775	84643
23778	84665
23779	84667
23784	84861
23789	84932
23813	85414
23814	88455
23815	89869
23819	89870
23924	390928
24122	90139
24255	10196
24284	346562
24321	203427
24376	829
24504	347734
24535	283254
24625	3167
24678	30849
24848	266629
24911	85377
24912	85445
24914	147407
24916	85455
24917	92745
24918	200734
24919	161742
24921	4009
24928	115572
24930	116285
24933	149951
24934	10313
24938	134864
24942	5212
24944	23122
24945	23114
24986	117194
24989	84002
24993	55074
25079	122664
25090	6840
25103	22906
25107	143684
25135	283726
25138	145814
25175	139596
25183	135228
25228	158219
25235	441168
25256	23389
25260	27433
25279	163404
25281	80853
25286	167359
25315	92369
25324	285848
25444	89853
25521	160335
25536	54497
25624	6429
25627	2595
25655	25837
25661	10965
25712	57540
25745	150483
25798	400961
25816	196385
25873	57524
25874	135295
25876	140807
25877	117532
25878	27199
26078	131034
26079	10170
26080	131578
26091	347741
26151	23304
26174	3785
26175	7468
26400	128239
26419	158399
26423	169522
26426	171177
26428	5655
26429	58489
26430	30844
26431	260425
26432	121260
26435	54906
26439	57571
26544	93589
26572	169966
26615	57477
26645	23033
26695	55911
26696	126119
26698	90507
26700	92799
26701	92906
26702	93109
26703	114926
26714	201294
26716	200959
26722	92737
26724	130399
26726	137868
26727	121512
26732	375612
26752	152518
26807	161436
26818	283152
26894	3608
27006	5189
27024	55658
27026	92291
27027	93058
27031	132320
27035	151011
27037	153562
27040	259230
27041	57551
27044	256364
27048	11012
27049	158326
27053	200403
27056	220136
27057	222235
27059	246330
27066	197335
27069	375035
27071	199870
27072	400746
27073	401934
27075	339451
27077	286187
27079	7188
27083	7571
27084	768211
27085	285636
27086	3770
27087	497189
27088	388595
27092	255488
27095	116369
27098	197407
27116	122748
27137	401665
27165	26533
27178	403274
27189	26531
27225	343169
27232	79541
27232	401427
27260	254783
27297	219431
27354	125170
27358	6543
27362	120071
27367	124930
27376	151050
27384	196951
27391	219995
27392	221184
27394	221336
27395	221935
27396	222223
27397	256130
27398	222166
27406	124961
27407	120939
27409	162515
27410	339906
27415	153241
27419	151827
27420	163049
27469	57465
27540	25854
27544	254531
27547	91526
27548	158297
27549	253017
27550	145389
27612	338692
27616	160418
27773	23030
27775	388662
27780	9682
27781	23220
27795	360023
27797	347735
27798	152273
27800	253980
27803	92736
27805	58500
27813	84865
27819	401265
27821	146664
27825	80728
27827	4775
27831	121278
27832	353274
27834	57224
27838	126248
27843	168975
27844	201292
27849	283212
27852	283635
27855	284427
27862	286410
27863	54511
27865	255762
27867	285237
27874	319100
27875	319101
27876	157567
27877	127254
27885	400916
27888	196527
27890	55036
27894	134829
27907	375790
27911	161753
27932	202243
27936	85459
27942	203238
27943	283208
27945	402117
27946	401498
27952	285590
27953	8499
27965	441549
27970	343641
27982	338707
27985	26098
27991	154664
27996	64005
27997	118490
27999	284525
28013	23363
28039	401262
28044	9866
28053	282966
28056	90113
28061	399473
28066	1880
28072	126520
28086	401145
28089	340665
28091	360226
28093	255101
28097	56203
28098	256643
28106	23061
28121	57565
28122	91181
28131	57186
28133	57700
28135	114795
28165	152519
28168	149281
28173	96459
28227	387104
28235	114804
28246	134121
28254	22898
28255	85352
28256	440836
28259	283464
28264	22875
28266	6875
28267	340654
28270	56479
28276	54542
28281	9909
28290	100129924
28295	441024
28297	283450
28302	442721
28311	374739
28312	91464
28313	57562
28332	340562
28384	55561
28386	282996
28424	158158
28426	126767
28427	441869
28446	143872
28447	53942
28448	80071
28456	390790
28467	389337
28471	389177
28490	256394
28494	100134934
28514	401647
28523	401720
28526	389895
28537	285659
28544	131544
28546	5932
28553	155006
28580	386746
28583	221092
28613	283554
28624	337876
28634	344752
28658	389677
28688	389158
28697	10024
28701	9920
28725	344387
28727	339541
28743	23307
30136	6596
30927	646643
30948	154
30950	324
30951	348
30952	472
30953	695
30955	1588
30957	2131
30958	2200
30960	2908
30961	6469
30964	653361
30967	6314
30969	7299
30970	7454
30972	2812
30974	3849
30976	2159
30980	5990
30982	1312
30987	1581
30992	1812
30994	3156
30997	3480
30998	5033
30999	5406
31000	5743
31001	6128
31013	15
31015	31
31016	88
31022	610
31023	708
31024	842
31035	1995
31036	2000
31038	2273
31039	2309
31040	2975
31043	3475
31046	421
31048	646
31052	933
31053	973
31055	1122
31056	1123
31061	1386
31065	4356
31070	2742
31074	3131
31075	3162
31078	3344
31080	3642
31081	3669
31083	3885
31085	4065
31086	4074
31087	4208
31088	4248
31089	4255
31092	4609
31093	4711
31094	4947
31097	5069
31098	5073
31099	5098
31103	5281
31105	5394
31106	5496
31110	3087
31114	5654
31115	5662
31118	5893
31119	5992
31121	6385
31122	6449
31124	6497
31125	57835
31126	6554
31127	6591
31129	6610
31130	6619
31132	6678
31133	6687
31135	6722
31137	6873
31139	7019
31140	7008
31141	7015
31142	7057
31144	7112
31145	7123
31147	7275
31150	7405
31152	7465
31159	7726
31161	8927
31164	7791
31165	8165
31166	8317
31181	8412
31183	8446
31185	8493
31187	8548
31189	8626
31190	8635
31194	8722
31196	8736
31199	8804
31200	8851
31202	8878
31203	8900
31205	8910
31206	8914
31207	8925
31208	8996
31212	726
31213	1124
31216	2230
31219	2992
31220	3996
31221	4998
31223	8328
31224	8403
31227	9088
31228	9091
31231	9262
31232	9400
31233	9532
31234	429
31238	1388
31239	1850
31245	5723
31247	6553
31249	7268
31250	7804
31251	7862
31252	8237
31253	9149
31254	9150
31255	9185
31257	9223
31258	9229
31259	9238
31260	9255
31262	9267
31263	9312
31265	9399
31266	9424
31267	9453
31269	9452
31270	9530
31272	9550
31275	9633
31276	677
31279	3720
31281	5018
31283	5481
31286	6400
31288	9943
31289	9967
31292	9993
31293	2788
31294	9100
31296	401
31297	474
31298	761
31301	2620
31303	2827
31310	4089
31311	4602
31314	9479
31315	9935
31318	3187
31323	4224
31330	8241
31331	9014
31334	10140
31336	10180
31337	10211
31339	10241
31343	10293
31344	4117
31346	4216
31347	4302
31352	9156
31353	10013
31355	10318
31358	10371
31360	5083
31361	5156
31363	5178
31368	7515
31369	8988
31370	9612
31375	10488
31376	10497
31378	10513
31379	10529
31381	10584
31382	10614
31384	10625
31386	3964
31387	5791
31389	7884
31392	10775
31399	10906
31400	11165
31401	5325
31402	2218
31403	2354
31404	5935
31405	7140
31406	7832
31409	10956
31410	11035
31411	6426
31412	6526
31415	11066
31419	11100
31420	11101
31421	11138
31425	11162
31426	7391
31428	7871
31430	11197
31431	11222
31432	11224
31434	11328
31475	1854
31512	23617
31513	439
31525	80895
31589	219681
31656	27000
31662	26751
31675	25874
31683	55164
31761	84720
31777	1432
31779	6935
31881	58513
31893	6561
31909	64240
31924	28987
31928	54704
31942	4357
31955	112812
31961	140711
31978	9044
31983	57380
31984	51218
31996	10730
32011	3835
32015	22926
32016	22925
32020	714
32022	1260
32028	442425
32030	2624
32031	140628
32032	26580
32036	57633
32038	29760
32039	55897
32040	4336
32045	4603
32046	4641
32049	4851
32050	56654
32051	10718
32052	645832
32054	58488
32055	5154
32059	5321
32062	5827
32064	5970
32067	81570
32072	374618
32075	84107
32076	284307
32078	3965
32079	323
32084	1600
32085	64285
32089	2593
32092	9464
32093	348980
32094	9843
32095	3214
32109	3980
32110	4201
32111	9833
32114	4800
32115	200576
32116	9266
32117	5884
32118	5883
32119	64221
32121	51150
32122	25970
32123	79801
32124	25942
32130	8876
32132	162239
32138	27071
32140	51426
32141	6132
32142	22809
32143	26060
32146	22955
32148	22797
32150	23416
32151	9700
32153	23641
32155	4189
32157	9869
32160	23558
32167	745
32171	29887
32172	29924
32173	29928
32175	23608
32177	151449
32180	6253
32187	117608
32193	4338
32194	27115
32195	26994
32196	50810
32197	6468
32198	54850
32199	57332
32200	100505385
32202	28960
32203	28962
32204	28964
32205	28973
32208	29080
32209	29083
32210	29088
32211	29090
32212	51430
32215	23586
32219	29841
32221	30827
32227	9735
32229	9776
32232	9812
32233	9867
32235	9887
32236	9899
32237	9900
32238	10393
32240	23028
32243	23111
32244	23143
32246	23186
32249	23314
32251	23357
32254	23370
32256	23512
32257	23515
32258	25847
32260	25855
32263	25913
32264	25926
32265	78987
32269	26015
32271	26034
32272	26046
32274	26122
32276	26145
32278	27238
32282	51585
32284	84725
32285	51603
32286	51073
32288	51621
32289	51103
32293	51018
32294	51642
32297	51390
32299	2658
32300	51696
32301	51439
32302	51441
32304	51714
32306	10777
32307	51188
32308	51727
32309	51455
32310	51458
32311	51496
32313	51514
32315	51530
32316	51531
32317	51258
32318	51537
32319	51538
32320	55709
32328	51316
32330	51335
32331	51776
32333	83463
32336	4772
32338	220202
32339	30008
32340	117177
32344	57492
32345	55565
32346	57645
32349	55596
32350	29980
32351	51111
32352	54800
32354	54820
32355	54823
32357	54829
32361	54881
32362	55632
32365	55643
32367	54934
32368	54935
32369	54941
32370	54949
32372	54961
32373	54962
32374	54969
32375	54970
32376	55002
32377	55015
32378	54680
32379	55039
32380	55676
32381	55055
32383	55081
32385	55090
32386	55108
32387	81831
32388	55152
32391	55168
32392	55171
32393	55181
32395	55200
32396	55728
32399	10363
32400	55230
32402	55746
32403	55751
32405	55300
32408	55323
32409	55793
32414	55852
32415	55872
32417	55884
32422	10785
32423	55898
32425	137964
32426	57556
32427	55970
32428	23505
32429	56129
32430	54453
32433	26610
32434	54518
32436	54534
32438	54675
32439	55954
32440	5998
32441	4210
32442	160622
32443	5875
32444	51227
32447	56257
32448	10616
32452	11216
32456	56848
32457	8706
32460	25915
32463	56910
32465	56946
32466	56950
32467	56995
32469	64399
32473	57103
32474	57117
32475	57129
32476	57057
32477	85378
32481	57414
32484	57459
32485	57513
32487	57591
32488	49855
32490	57620
32491	57631
32492	57669
32493	65267
32494	57707
32495	56927
32496	57727
32503	9148
32504	220382
32506	160897
32507	51085
32509	23279
32510	90007
32512	158798
32513	11154
32514	60436
32516	60482
32517	60485
32519	64946
32520	6992
32521	116362
32523	8139
32526	63875
32527	63876
32531	112399
32532	63922
32533	64078
32534	64131
32535	64135
32536	7458
32538	219699
32539	10861
32540	64208
32543	64324
32544	64374
32545	64393
32546	64410
32547	64421
32548	79723
32549	64770
32550	152006
32551	64798
32553	64858
32554	64963
32562	65993
32564	375748
32565	64965
32566	83444
32567	81565
32570	65983
32572	140461
32573	57418
32574	128637
32575	64771
32576	79158
32577	79159
32579	79171
32580	79180
32581	79269
32582	84661
32584	80851
32586	79648
32588	79676
32589	79707
32590	79712
32592	79727
32594	79770
32596	79777
32598	79786
32599	79794
32601	79798
32604	79873
32605	79882
32607	79886
32608	96764
32609	79896
32610	79903
32611	79915
32615	79947
32616	79977
32617	80004
32618	80014
32622	80143
32623	80148
32625	80256
32627	80314
32630	400569
32633	136647
32634	85479
32636	64960
32637	26130
32638	113802
32639	257236
32642	220963
32644	286827
32646	116151
32647	84311
32648	192286
32649	441478
32650	81620
32651	90459
32652	83892
32653	83786
32655	152137
32658	84272
32659	51673
32661	135154
32665	57579
32666	84153
32667	149699
32668	340481
32669	642843
32671	130617
32672	65018
32675	51263
32677	122769
32678	150465
32679	23613
32680	92342
32684	91833
32687	164781
32688	202051
32689	151112
32691	115557
32693	134353
32695	10128
32697	27031
32699	57488
32700	84447
32701	90324
32702	85315
32705	166929
32706	92017
32709	220047
32711	64983
32718	167691
32720	55830
32722	140809
32726	64969
32727	10721
32729	124044
32731	80325
32740	81033
32741	81544
32743	81566
32744	81607
32746	81887
32752	727800
32754	83478
32756	10645
32757	10517
32760	84514
32762	83874
32764	83932
32766	83990
32770	84083
32771	84128
32772	84181
32774	84190
32776	84223
32778	84451
32779	84444
32780	84529
32781	84553
32785	84679
32787	84687
32789	84749
32790	84750
32791	50626
32792	84787
32794	84881
32795	84892
32796	84899
32798	84911
32799	80228
32802	25957
32816	27440
32819	91653
32904	79830
32919	23200
32936	219927
32963	340543
33129	57156
33158	151742
33161	100526740
33167	253558
33184	339291
33228	55072
33303	1196
33332	10350
33431	91949
33436	390637
33447	402055
33470	89876
33472	117154
33473	116843
33474	90480
33475	92241
33482	93986
33483	22917
33552	222553
33586	128853
33597	221692
33615	387521
33641	146434
33650	66037
33783	57484
33799	90199
33836	9695
33850	144453
33907	7837
34027	11063
34076	57181
34130	140460
34134	55589
34137	136853
34139	11083
34248	81035
34254	375743
34290	359948
34298	91445
34300	55727
34313	23053
34317	253260
34318	151473
34364	55244
34378	203054
34495	79065
34521	54532
34523	7586
34525	113402
34534	23639
34562	55127
34582	55814
34602	91647
34616	283383
34623	83544
34653	79066
34661	25998
34675	738
34695	154743
34700	162494
34701	90050
34702	90580
34705	92979
34706	113174
34707	113730
34708	55345
34709	135644
34710	23026
34713	137735
34714	142940
34715	221955
34718	9681
34730	9703
34780	2528
34786	8030
34797	90673
34805	51112
34825	166793
34835	92714
34917	440435
34920	118932
34921	126626
34922	131540
34923	136332
34925	147948
34926	55177
34935	84437
34938	126133
34940	10865
34954	390151
34980	91694
34981	125228
34983	148398
34984	150290
34988	162333
34989	169792
34991	253943
34992	339230
34993	10137
34996	162282
34999	127544
35002	93082
35064	85369
35065	56204
35066	245806
35098	114826
35106	91574
35136	2909
35210	9667
35217	9462
35221	80821
35234	347862
35238	27147
35239	387921
35243	22887
35244	133060
35248	169611
35249	84063
35252	286826
35254	128486
35257	79642
35258	128553
35259	283518
35262	285315
35268	55095
35272	126526
35276	57493
35278	91807
35279	23318
35284	124857
35303	80789
35305	64863
35306	57604
35308	221458
35309	285331
35310	115123
35313	348654
35315	145508
35317	130271
35319	199953
35321	23300
35328	376940
35330	340351
35333	11234
35335	115992
35347	353322
35357	348303
35359	146705
35360	200424
35364	339345
35367	1368
35370	54726
35372	9671
35373	57585
35374	23243
35378	57697
35386	147645
35388	166752
35389	117583
35390	30850
35394	203069
35399	284106
35401	56970
35405	730249
35407	202151
35410	54439
35412	401207
35415	83860
35416	138162
35420	23358
35421	728621
35423	401137
35424	23141
35425	84132
35430	440699
35443	54492
35455	343099
35456	221806
35459	57558
35462	85463
35470	9202
35472	4928
35474	390212
35476	283989
35477	9693
35479	729201
35479	389852
35491	57469
35506	56311
35507	56907
35527	154790
35542	344148
35553	728361
35606	1066
35977	92749
35979	401474
36008	375057
36018	3053
36024	3375
36025	7068
36030	721
36030	720
36035	1142
36040	1593
36056	265
36058	291
36061	770
36063	1101
36067	2167
36075	482
36081	1032
36082	1347
36085	2288
36099	4974
36101	5099
36108	6693
36115	7419
36142	8715
36143	8723
36144	8724
36148	9002
36149	310
36150	795
36151	2151
36154	5861
36159	1512
36160	4794
36163	9217
36164	9295
36165	203611
36165	9426
36165	9085
36165	253175
36169	9507
36170	9093
36174	2857
36176	4826
36178	7517
36179	10019
36182	3853
36183	4081
36184	9290
36189	10261
36193	3550
36195	4975
36199	9520
36200	10493
36201	10512
36205	987
36206	6503
36212	4540
36213	1421
36215	11213
36231	9524
36269	79087
36273	8623
36278	174
36281	1420
36296	85477
36302	51378
36304	23581
36308	2649
36314	85474
36315	54674
36321	7076
36322	7078
36323	11132
36325	24142
36327	22954
36328	4651
36330	29909
36341	28978
36344	51493
36349	23092
36361	56925
36363	54733
36367	57140
36371	55917
36377	56108
36381	58510
36383	57758
36384	56832
36386	5522
36388	57546
36389	57693
36392	4828
36393	7504
36397	266812
36398	94032
36399	59307
36400	60493
36403	64101
36404	64114
36409	64901
36410	64922
36411	84888
36415	78999
36419	79652
36420	79675
36422	79689
36423	79755
36424	79905
36425	80217
36427	80305
36428	84277
36436	493856
36441	386618
36455	9701
36463	81873
36468	116844
36472	115330
36473	80864
36476	81492
36477	81554
36483	84034
36487	84552
36493	8926
36501	8904
36617	9540
36635	23002
36819	152926
36822	140700
36824	27197
36864	728489
36871	374355
36891	29800
36929	114990
36931	126393
36932	54502
36972	54084
36977	149420
36999	390148
37000	403284
37077	23371
37089	285971
37096	283870
37106	389432
37110	347731
37118	353288
37121	11259
37122	9658
37124	253982
37125	166824
37139	1594
37159	22995
37198	201725
37248	2
37249	100
37250	155
37251	189
37255	686
37256	760
37257	779
37258	875
37258	102724560
37259	1201
37263	1861
37264	6901
37268	2548
37271	2990
37273	3099
37276	3973
37277	3988
37279	4534
37280	4548
37281	4948
37286	5313
37288	5624
37289	6519
37292	6716
37293	6898
37294	7045
37295	7274
37296	7390
37297	7421
37298	7507
37302	3141
37303	3292
37304	3674
37306	3908
37309	5051
37310	5251
37311	6528
37314	249
37322	4125
37323	6891
37325	1234
37327	4842
37329	9
37333	131
37336	725
37337	886
37338	1082
37338	94115
37338	93659
37340	1144
37347	1583
37349	1592
37351	1636
37353	2892
37354	2915
37355	2940
37357	2948
37358	2953
37358	653689
37360	2982
37361	3355
37364	3676
37367	4881
37368	4988
37369	5066
37370	5153
37371	5446
37374	5740
37376	6135
37378	6146
37396	8516
37399	347853
37400	408187
37401	221035
37404	408263
37408	4047
37409	339665
37416	6223
37417	6224
37420	6231
37423	6262
37424	6476
37426	6715
37427	6752
37434	8029
37436	13
37437	21
37443	114
37447	284
37450	332
37453	689
37455	839
37457	957
37459	991
37462	1106
37464	1209
37465	1396
37471	1521
37477	1982
37478	2037
37480	2317
37481	2318
37482	2542
37483	2547
37486	2650
37487	2664
37488	2665
37490	2976
37491	2986
37492	3061
37493	3177
37494	3281
37496	3654
37497	30
37498	33
37507	361
37509	481
37510	483
37514	513
37518	636
37519	671
37520	688
37521	694
37523	822
37524	873
37525	894
37526	967
37529	1056
37530	1152
37532	1212
37533	1266
37535	1298
37536	1318
37537	1327
37538	1329
37541	1358
37549	1506
37550	1508
37551	1510
37552	1534
37553	1610
37554	1632
37558	2053
37559	2054
37560	2120
37561	2180
37562	2197
37563	2242
37566	2745
37567	2752
37570	2870
37573	2961
37582	3148
37583	3201
37584	3212
37585	3215
37586	3241
37590	3418
37591	3581
37592	3679
37593	3709
37595	3780
37603	3891
37604	3910
37608	3958
37612	4043
37614	4060
37615	4200
37618	4296
37619	4316
37620	4330
37622	4360
37623	4580
37628	4695
37629	4697
37630	4709
37631	4793
37634	4991
37636	5001
37637	5037
37638	26986
37640	5126
37642	10295
37643	5170
37644	5201
37645	5203
37647	5223
37649	5250
37650	5315
37652	5343
37652	5342
37653	5367
37656	5411
37658	5451
37659	5500
37660	5515
37661	5528
37664	5573
37665	5575
37666	5577
37667	5584
37670	5594
37680	5660
37686	5714
37690	5768
37691	5782
37693	5794
37694	5797
37695	5810
37697	5829
37702	5877
37704	5887
37706	5939
37707	5962
37709	5995
37710	6001
37711	6047
37712	6118
37713	6138
37714	6187
37715	6233
37716	6303
37717	6342
37718	6392
37719	6397
37721	6427
37722	6447
37723	6457
37727	6605
37728	6629
37730	6637
37733	6664
37735	6697
37736	6717
37737	6726
37738	6727
37741	6822
37742	54894
37744	6905
37746	6924
37747	7067
37748	7079
37749	7083
37750	7101
37751	7109
37752	7136
37753	7175
37756	7180
37757	7205
37759	7263
37763	7357
37764	7385
37765	7417
37766	7512
37767	7533
37786	7752
37788	8027
37792	8310
37822	8411
37823	8417
37824	9218
37826	8458
37827	8487
37830	11001
37831	8525
37832	8530
37833	8541
37836	8563
37838	8569
37839	8607
37841	8637
37842	8643
37845	8669
37846	8673
37847	8674
37848	8702
37851	8732
37852	8733
37854	8760
37855	8761
37856	8767
37857	8773
37858	8798
37867	9051
37868	9055
37871	828
37872	883
37873	1010
37874	1465
37875	1607
37878	1678
37880	2173
37882	2764
37883	548645
37884	2963
37886	3174
37888	5272
37889	5516
37894	7345
37895	7439
37897	8729
37898	53616
37900	9123
37901	9152
37902	9154
37903	8766
37905	9377
37906	2539
37907	9570
37910	699
37911	811
37912	836
37914	864
37917	1293
37922	1832
37923	1960
37924	2029
37925	2048
37926	2146
37927	2267
37928	2275
37929	3267
37931	3298
37932	3364
37933	4300
37935	4726
37936	5195
37940	6197
37941	6804
37942	6872
37943	6939
37944	7225
37945	7485
37946	8228
37952	5612
37953	9140
37954	9146
37955	9159
37956	9162
37957	9169
37958	9175
37959	9183
37961	9256
37963	9271
37964	9326
37968	5433
37969	8189
37971	9446
37972	9454
37973	9482
37974	9516
37975	9522
37976	9525
37977	9527
37978	9535
37980	9562
37982	740
37984	1794
37985	2030
37987	3483
37988	3745
37989	3765
37990	3845
37994	4701
37995	5305
37996	5442
37998	5650
37999	5711
38006	6564
38007	7163
38008	8021
38009	9950
38012	9984
38017	516
38020	1339
38021	1399
38024	2669
38026	2830
38034	3059
38035	3069
38041	4741
38043	5082
38046	5565
38049	6574
38052	8031
38053	10006
38054	10007
38055	10040
38057	10048
38058	10049
38061	1797
38062	2960
38066	3158
38067	3280
38070	149628
38075	5641
38077	6578
38080	6760
38082	6894
38083	6921
38087	7957
38089	10063
38092	10111
38093	10112
38094	10126
38095	10134
38096	10146
38097	10159
38098	10160
38100	10200
38106	10279
38108	10282
38111	4131
38112	4144
38114	4217
38116	4320
38120	5546
38122	6793
38123	6909
38129	8763
38131	9177
38137	10345
38139	10389
38141	10403
38142	10450
38143	10451
38145	10455
38146	3848
38148	4690
38149	4801
38150	4926
38151	5167
38155	5334
38157	5526
38160	5564
38161	5885
38164	7381
38165	7979
38166	9611
38168	10409
38169	10424
38170	10516
38171	10437
38172	10465
38176	10482
38178	10490
38180	10556
38181	10559
38182	10567
38183	10600
38184	10622
38185	10623
38186	10628
38187	3795
38189	5429
38194	7980
38195	10640
38197	10663
38199	11183
38200	10677
38201	6819
38202	10714
38203	10717
38206	10735
38208	10753
38212	10814
38213	10847
38216	10898
38217	10904
38218	10923
38227	10948
38229	10952
38230	10955
38231	9491
38233	10981
38234	10989
38235	10993
38236	10945
38238	11030
38239	11041
38240	4538
38244	1939
38250	6096
38251	6612
38253	6655
38254	6731
38258	10560
38259	7091
38260	11064
38261	11068
38262	11073
38263	11077
38266	11127
38268	11140
38271	11157
38274	52
38276	7027
38284	11161
38286	11190
38287	11193
38288	11196
38289	11200
38290	11254
38291	11260
38294	11270
38295	11315
38296	11336
38298	11343
38299	51
38341	84826
38347	6161
38373	27340
38385	28965
38387	284273
38481	55176
38551	81031
38573	79968
38685	79726
38696	10105
38743	79918
38751	196051
38775	6500
38779	57634
38809	1810
38810	23160
38834	6871
39074	64802
39079	51204
39086	1622
39087	29095
39090	7353
39141	64121
39203	2775
39206	84779
39246	8295
39250	26088
39318	26227
39330	8945
39421	54872
39452	3313
39495	6567
39531	54700
39553	654364
39574	55003
39581	29956
39642	64318
39658	1340
39689	23195
39746	4358
39748	8877
39749	51560
39776	64434
39824	145482
39904	50617
39963	143187
39965	10280
39986	6880
40112	9868
40119	3621
40205	83540
40210	10072
40307	79922
40346	88745
40477	91408
40496	4173
40514	6723
40537	26065
40545	79050
40573	11097
40575	22795
40581	93974
40583	11335
40587	27297
40594	117581
40598	63036
40604	2286
40606	8325
40607	136319
40612	340784
40613	3274
40617	3703
40621	64211
40627	4284
40628	55329
40632	51199
40640	51268
40641	53917
40647	55974
40648	10921
40653	391059
40654	60412
40661	6830
40668	9646
40678	6843
40681	7520
40682	7539
40684	80818
40686	643836
40690	121536
40692	50674
40693	1103
40695	1427
40705	10863
40707	23596
40710	22905
40711	2139
40713	54332
40714	10681
40715	54331
40716	8443
40717	2898
40720	10471
40725	3200
40726	3202
40728	51478
40729	1996
40740	3860
40748	65108
40749	10943
40754	4684
40755	4744
40757	8856
40764	102724788
40764	5625
40765	22931
40767	23480
40769	9963
40774	6938
40775	84916
40776	646480
40785	348932
40787	64397
40790	57175
40794	23344
40795	9862
40796	26230
40799	131601
40802	339324
40805	9330
40806	9328
40808	22802
40809	9069
40811	26574
40812	26297
40813	24144
40819	23438
40820	22949
40821	23417
40822	7799
40823	22933
40825	23408
40826	23443
40827	23640
40828	3751
40832	284366
40833	23658
40838	26212
40841	26258
40842	25782
40843	10417
40844	10734
40845	26519
40846	26517
40847	26520
40848	23534
40849	25828
40850	7371
40855	7780
40858	25814
40859	27166
40860	29109
40861	27165
40862	28232
40863	27343
40864	23769
40865	29894
40866	29896
40867	29901
40870	4850
40873	29945
40876	29796
40877	10113
40879	29965
40880	5866
40882	26509
40883	392255
40891	440275
40892	10926
40893	120
40902	8409
40903	57446
40906	27173
40908	54714
40914	22884
40915	28972
40917	57496
40920	23054
40924	9818
40925	29015
40927	29070
40928	29078
40929	29089
40930	29100
40931	746
40932	4702
40934	10330
40935	22826
40937	23644
40942	27089
40943	150160
40944	27131
40945	27257
40950	27336
40953	4848
40954	10514
40956	23774
40957	29986
40959	30061
40960	30834
40962	23190
40964	23199
40966	9652
40967	9665
40968	9670
40969	9675
40970	9684
40971	9688
40973	9709
40975	9721
40977	9733
40978	9736
40979	9742
40980	9766
40981	9767
40982	9781
40986	9871
40988	9898
40990	9921
40992	22849
40993	22878
40994	3983
40996	22982
40997	22990
41000	10940
41001	23047
41002	23063
41003	23064
41004	23081
41006	23107
41008	23204
41009	23137
41011	23161
41012	23181
41014	23212
41015	23215
41017	23255
41019	23265
41020	23295
41021	23310
41022	23312
41023	23331
41024	23332
41025	23339
41026	23348
41029	23385
41031	23484
41034	25813
41035	728841
41035	200030
41035	149013
41035	55672
41035	400818
41035	101060684
41035	25832
41035	100132406
41035	284565
41035	102724250
41035	101060226
41035	100288142
41036	25849
41037	25870
41040	25904
41041	25912
41042	25940
41043	25962
41044	25979
41045	25987
41046	26001
41048	26058
41050	26108
41051	26136
41052	26156
41056	26995
41059	27152
41060	27341
41062	50700
41063	2636
41065	50507
41070	51042
41072	51056
41073	51594
41074	51060
41075	373156
41076	51367
41077	51371
41078	51372
41079	51008
41080	51608
41082	51389
41083	51079
41084	51086
41086	51380
41087	51096
41088	51099
41089	51104
41090	51465
41092	51108
41093	51115
41095	51016
41096	51002
41097	51646
41098	51022
41099	51024
41100	51025
41101	51649
41102	51026
41103	51027
41105	51659
41106	51124
41107	9894
41108	51667
41109	51135
41110	51136
41111	10890
41114	55968
41117	29763
41118	51433
41123	51451
41126	51195
41128	51205
41130	50852
41131	51499
41132	51504
41133	51228
41135	94101
41136	51529
41137	51250
41138	29098
41139	50863
41142	51773
41144	51301
41145	51780
41146	51308
41147	51319
41148	51322
41149	51573
41150	51332
41151	51333
41152	51334
41157	1741
41169	53371
41170	27434
41171	51802
41172	53630
41173	54093
41174	54108
41180	55704
41182	11094
41183	54785
41184	192670
41185	54799
41187	54831
41188	54832
41189	54847
41190	55616
41191	55622
41193	55625
41195	54884
41196	54885
41198	54919
41200	55646
41201	54947
41202	54953
41205	54986
41206	54987
41207	54994
41208	55020
41209	55023
41210	55035
41211	55037
41213	55051
41214	55679
41215	55076
41216	55084
41217	55094
41220	55109
41224	55706
41225	55139
41226	54663
41228	55154
41229	55717
41230	55159
41231	55183
41232	55733
41233	55216
41235	55229
41236	55237
41237	55238
41238	55239
41239	55750
41241	55763
41242	55259
41244	55280
41247	55295
41248	55776
41249	57698
41250	55314
41252	55316
41254	55328
41255	55332
41257	100527949
41258	55343
41259	55344
41260	55346
41261	55349
41263	55356
41265	55813
41267	55819
41271	55843
41273	55856
41274	55869
41275	55388
41276	55422
41277	55505
41279	55508
41280	55509
41281	54443
41282	55914
41283	55530
41284	55534
41286	23225
41287	56171
41294	54069
41296	3222
41298	54221
41299	54434
41302	54491
41304	54509
41305	54536
41306	54543
41307	54554
41308	54555
41311	55929
41314	56063
41317	7099
41321	4000
41322	64834
41323	64841
41325	81622
41329	50650
41331	6815
41334	57515
41336	9815
41339	56655
41343	2648
41346	56893
41347	56896
41348	56850
41349	57001
41350	56942
41351	57003
41353	56983
41354	56984
41355	65008
41356	56990
41357	219855
41362	8708
41366	57221
41368	54585
41370	53831
41372	387893
41373	57128
41374	57132
41378	26686
41379	256144
41380	57136
41383	27233
41385	79644
41387	57405
41388	57407
41389	57409
41390	57419
41391	57455
41394	57530
41397	57578
41399	27327
41400	57628
41405	366
41418	5359
41419	107
41422	5910
41423	57818
41425	58485
41426	58490
41429	58497
41430	58499
41431	57161
41432	134266
41443	59342
41445	28951
41446	51471
41447	257194
41448	59272
41449	60481
41451	994
41453	60526
41454	60559
41457	63027
41458	63035
41463	63877
41464	63894
41466	63905
41467	63931
41468	64062
41469	64077
41470	64081
41471	64090
41472	64129
41473	29982
41474	90249
41475	1528
41477	64145
41480	64210
41481	79190
41483	64377
41486	64425
41487	64429
41488	6785
41489	64744
41490	64750
41491	64754
41492	64756
41494	94081
41495	64768
41496	64785
41497	64789
41498	64801
41503	64924
41504	65055
41505	65083
41512	65258
41515	54584
41517	2907
41518	534
41520	56160
41524	124842
41526	644524
41528	196463
41529	64840
41530	83985
41531	79080
41535	2651
41536	50837
41537	65979
41538	65999
41542	50838
41550	79058
41552	79095
41556	124565
41557	79624
41558	79145
41559	79148
41560	79154
41561	79161
41562	79183
41564	283927
41565	142679
41566	91319
41568	79400
41572	79621
41573	79639
41574	79656
41575	79677
41576	79691
41578	79739
41583	79785
41586	79815
41587	126308
41588	79829
41590	79883
41591	79884
41592	79897
41601	80010
41602	80024
41603	80028
41605	80055
41607	23373
41609	80146
41610	80152
41614	80208
41617	80270
41618	80303
41622	80746
41625	255758
41626	153339
41627	154791
41628	84324
41629	56647
41632	285855
41633	254552
41634	54840
41636	91947
41638	102723545
41641	388364
41643	90407
41646	112942
41649	26260
41651	9689
41652	317649
41653	89778
41654	440503
41655	91603
41657	23066
41658	151194
41659	387787
41660	54976
41661	145942
41663	255220
41665	124995
41666	84898
41667	57222
41670	142891
41671	83998
41672	197370
41674	285148
41675	84522
41676	84148
41678	161424
41679	144110
41683	84817
41684	115024
41686	387680
41686	253725
41688	81605
41690	100131378
41692	554235
41693	113235
41695	161247
41696	115817
41699	91419
41702	115098
41703	118881
41704	120526
41708	171169
41712	84265
41714	138716
41717	53938
41718	84188
41720	254359
41723	219557
41725	83473
41726	11163
41728	282809
41729	83876
41730	10869
41731	125061
41733	283537
41738	139341
41739	83440
41740	84255
41742	388695
41744	83636
41747	196294
41748	84193
41749	116835
41751	151903
41754	130355
41756	493911
41760	91828
41761	22889
41762	26262
41763	347730
41765	54681
41768	128506
41769	164395
41770	90423
41773	8602
41774	84164
41775	100526773
41776	98
41779	124359
41786	55054
41788	84305
41789	84294
41790	10902
41792	83716
41793	117143
41804	81573
41810	81846
41816	2946
41820	81930
41822	59339
41824	83442
41825	83443
41826	83468
41830	83604
41841	23731
41846	26013
41847	84545
41848	84071
41849	84078
41853	84138
41856	84203
41857	441425
41857	728747
41857	84210
41857	441430
41858	84937
41860	84285
41861	84306
41862	84337
41863	10826
41865	56670
41867	84419
41871	64968
41872	64979
41874	84619
41878	84676
41881	170463
41882	94015
41883	84766
41885	84814
41888	84858
41891	84894
41892	84900
41893	84913
41895	84915
41899	84942
41900	84947
41901	84952
41948	9117
41957	85413
41961	730755
41961	85294
41963	94005
41967	90135
42056	22872
42069	283385
42094	375449
42221	10466
42242	391365
42327	123606
42423	389207
42466	122553
42740	440026
42950	118472
42951	80335
42965	201161
43082	116447
43122	339122
43131	10089
43132	90203
43135	90196
43139	114134
43142	115677
43143	116931
43144	80829
43154	54102
43155	9631
43188	6092
43226	7332
43235	90121
43236	118429
43567	169044
43672	5754
43739	7741
43791	112840
43792	140731
43797	142685
43831	137682
43881	11171
43895	374882
43974	129684
43977	154810
43997	84747
44020	729515
44022	167153
44029	128989
44054	51311
44067	3476
44071	64151
44130	29997
44182	79042
44188	83594
44215	112483
44219	144363
44220	79176
44221	155066
44222	23167
44224	113675
44226	9320
44228	23513
44229	22993
44230	29985
44237	122970
44245	130612
44286	25983
44309	23041
44324	2035
44338	63916
44360	166012
44374	257068
44428	340075
44445	55227
44480	27241
44488	91801
44504	57478
44516	9837
44517	129401
44519	90780
44520	130013
44524	90525
44526	90678
44527	92170
44528	92305
44531	127253
44533	84246
44534	167838
44536	150696
44540	81839
44545	149371
44548	147744
44549	168433
44552	90411
44592	23355
44649	9804
44687	253635
44690	43849
44696	92255
44717	285381
44720	159371
44779	57528
44781	23233
44787	57583
44790	154865
44811	129285
44881	23078
44882	727957
44890	57082
44892	91624
44893	93487
44894	124245
44896	284428
44896	653656
44896	653657
44896	125997
44896	729458
44899	130827
44900	132160
44901	146691
44902	146849
44903	148156
44907	153657
44908	50651
44911	160518
44912	165055
44913	200172
44915	201134
44917	138065
44919	9731
44922	126820
44924	90141
44935	246
44941	200931
44943	117289
44945	54821
44975	26689
45007	338675
45029	390195
45043	403257
45084	26339
45107	148534
45109	259282
45113	92344
45119	132141
45120	137492
45122	143689
45123	145748
45125	147007
45126	147138
45130	150280
45131	150350
45134	541466
45134	541465
45134	728911
45134	441519
45134	101060211
45134	102723737
45134	102723680
45135	160419
45136	160762
45138	85442
45139	199720
45141	219287
45143	220164
45145	221504
45146	222256
45148	254863
45149	256714
45156	89890
45157	92521
45161	283337
45162	124152
45163	132228
45164	163126
45165	257364
45167	118672
45208	55222
45211	146223
45213	222611
45228	403313
45263	158584
45323	80206
45335	147111
45365	54460
45381	133308
45411	221830
45412	1953
45414	23341
45419	148808
45423	22863
45426	125476
45429	55027
45432	146857
45439	57674
45440	81928
45441	26154
45443	440279
45451	9882
45452	345462
45453	23145
45455	92912
45456	115795
45457	138429
45458	147719
45462	199786
45463	200942
45466	89766
45468	283229
45469	283455
45474	286204
45475	440400
45477	125704
45479	282991
45481	285343
45482	128346
45483	147965
45485	284346
45486	283576
45488	126321
45489	121391
45490	374454
45491	285193
45494	157378
45495	440145
45499	144108
45500	6345
45504	54103
45505	91404
45506	606495
45507	9938
45515	387129
45517	337880
45551	155465
45557	344807
45564	254048
45569	201799
45570	386724
45574	345557
45576	4642
45580	155382
45582	375318
45582	653437
45584	441061
45585	26043
45588	342125
45594	400120
45596	255374
45598	22909
45600	130916
45603	84629
45608	140902
45614	729920
45617	22930
45618	338645
45619	57677
45620	392636
45622	152485
45635	404672
45636	169200
45637	55048
45639	9648
45640	284018
45644	51014
45648	201305
45649	284013
45651	284613
45654	11177
45655	407738
45659	161357
45664	404217
45667	729967
45668	163786
45669	203245
45672	90639
45673	150383
45675	344901
45681	94030
45683	23511
45686	139628
45688	283298
45689	284325
45693	339559
45695	374470
45699	440730
45706	100287171
45707	158062
45708	22873
45709	9662
45715	201176
45717	374768
45718	56980
45719	196483
45728	399671
45730	221091
45748	389400
45749	153768
45782	6650
45783	387496
45786	254827
45787	50636
45807	345222
45809	26033
45810	163933
45811	196394
45812	339896
45813	389799
45823	390445
45825	83856
45831	388389
45837	57648
45841	23247
45842	57542
45843	9758
45845	9881
45848	114786
45851	123720
45856	119687
45860	124274
45867	139189
45872	84159
45879	153770
45882	162073
45884	7569
45916	196541
45933	116729
45935	9692
45939	341880
45941	9875
45943	80178
45949	128387
45950	157869
45952	55619
45953	220213
45954	8939
45955	402381
45961	200035
45966	57666
45968	22852
45969	144203
45971	23165
45977	441054
45982	387804
45994	10075
46005	345930
46007	84125
46008	283310
46091	440073
46116	401399
46117	23131
46165	283638
46215	146850
46295	402665
46321	125115
46324	388419
46347	390327
46417	57600
46421	57463
46476	140690
46480	58508
46535	150365
46536	440829
46568	284611
46582	221981
46592	84133
46598	653567
46607	101927685
46607	101928917
46611	345778
47480	646174
47492	729991
47510	254225
47516	100507096
47543	53344
47588	653319
47593	79366
47595	441933
47607	389421
47677	494188
47692	388564
47720	201229
47752	374973
47753	388931
47758	389257
47789	100128071
47794	401466
47795	401612
47801	100128569
47831	152573
47844	100507050
47883	441294
47883	340307
47883	100142659
47883	100128553
47883	643854
47900	335
47902	641
47904	1071
47906	2099
47908	2395
47914	5190
47915	5261
47918	412
47922	2720
47925	5175
47927	337
47928	344
47932	1444
47936	2212
47937	3576
47938	3562
47944	150
47947	477
47948	722
47952	2939
47953	2977
47955	3560
47960	5331
47964	6168
47969	51616
47972	49861
47976	5726
47977	259286
47978	150082
47979	79931
47985	6947
47995	164
47996	266
48000	364
48005	1041
48010	1193
48021	2323
48022	2543
48022	729396
48022	645073
48022	26748
48022	100132399
48022	729447
48022	2574
48022	729422
48022	729431
48022	729442
48022	26749
48030	319
48034	493
48040	911
48042	965
48044	1002
48050	1288
48051	1346
48052	1363
48053	1409
48053	102724652
48054	1446
48059	1669
48064	2204
48065	2444
48067	2532
48068	2534
48071	2765
48076	2993
48082	3620
48088	3563
48097	3903
48099	3933
48101	4004
48104	4145
48107	4267
48110	4636
48111	729767
48115	5089
48120	5329
48121	23649
48124	5506
48130	5585
48133	5603
48134	5610
48140	5756
48142	5798
48145	5894
48147	5980
48150	6278
48152	6339
48153	6351
48154	6362
48159	6416
48162	6504
48164	6624
48168	6736
48172	7290
48184	7692
48191	100101467
48194	7783
48196	8269
48222	8369
48226	8433
48227	8438
48235	8604
48236	8620
48241	8703
48242	8771
48244	8794
48249	8832
48250	8841
48252	8867
48253	8880
48254	8908
48261	438
48264	1870
48270	8784
48274	9450
48275	9563
48276	403
48277	684
48282	2191
48288	5210
48290	5920
48291	6360
48296	9077
48301	9208
48302	9252
48304	9337
48322	5886
48324	6568
48325	7706
48326	9636
48335	2300
48337	2853
48343	5581
48346	8208
48347	9214
48350	10022
48351	10045
48353	950
48358	5790
48361	6283
48362	6355
48364	6446
48376	7919
48381	100271849
48382	4225
48385	4490
48389	6273
48394	8909
48396	10325
48398	10344
48399	10346
48402	10396
48404	23532
48406	1438
48412	5267
48420	6788
48424	10425
48427	10475
48428	10494
48429	10520
48430	10526
48431	10563
48436	10635
48437	8445
48438	2124
48443	10673
48445	10739
48448	10765
48457	10857
48460	10919
48461	5681
48462	6322
48468	10964
48476	1087
48482	6712
48483	6853
48487	10168
48490	11060
48491	11067
48495	27035
48496	11130
48497	11149
48498	11152
48503	7634
48507	7789
48509	11170
48510	11189
48512	11272
48514	11314
48515	11326
48535	57819
48572	56852
48591	5605
48654	55351
48679	51552
48692	53944
48696	494143
48706	57172
48742	51236
48772	10244
48773	208
48830	169355
48881	10217
48919	3615
49011	29883
49068	83983
49075	79939
49088	9380
49103	90956
49134	22915
49135	22798
49137	11325
49141	8906
49152	80712
49153	2157
49157	257144
49183	4916
49188	5725
49197	346673
49202	7092
49215	57491
49222	128821
49227	54514
49231	10637
49234	2123
49236	83903
49239	27022
49241	3166
49242	3455
49268	8293
49268	728492
49280	219749
49291	50856
49294	344018
49295	22977
49299	26256
49301	23637
49307	23523
49308	23136
49310	23522
49312	26292
49316	23520
49318	24138
49320	23495
49328	7762
49329	29124
49336	7673
49337	7766
49338	7771
49348	6854
49351	23269
49366	28968
49368	29113
49375	23543
49376	23741
49378	25830
49379	10783
49380	27098
49382	27156
49386	27296
49388	27303
49390	7775
49392	30001
49395	9677
49396	9727
49400	9858
49405	23133
49406	7840
49408	23213
49409	23262
49412	23308
49412	102723996
49413	23334
49414	50649
49415	23619
49416	24145
49418	25853
49422	26031
49424	26112
49427	26152
49432	27148
49433	27151
49435	50508
49448	51385
49449	51142
49451	51406
49454	51429
49463	9465
49464	51213
49465	51224
49467	51265
49468	51266
49471	51348
49474	51554
49476	64109
49478	4939
49480	50832
49481	4645
49485	51806
49486	53904
49487	6820
49488	54739
49489	54742
49496	23743
49498	54790
49504	54900
49506	54916
49508	54933
49509	54952
49511	54959
49512	54967
49513	54979
49516	157680
49517	55006
49519	55010
49520	55071
49522	54682
49525	55166
49526	55721
49527	55192
49528	55195
49530	55215
49531	55231
49533	55755
49535	55277
49537	55286
49541	55778
49545	55359
49549	27202
49551	27087
49552	4139
49559	90410
49561	56135
49562	56134
49565	56143
49567	56106
49571	56103
49573	56100
49580	54429
49581	54438
49583	54494
49589	7148
49590	5562
49594	56245
49595	56300
49599	2874
49603	84722
49606	64581
49610	1983
49614	56901
49615	56906
49618	56923
49621	56971
49628	57126
49631	56673
49635	57408
49639	57610
49641	57663
49646	10901
49654	6252
49660	57823
49661	57829
49663	58480
49666	58496
49667	58528
49671	114770
49674	2872
49680	59352
49684	56547
49691	7552
49694	58191
49695	63895
49696	63901
49697	63939
49698	64084
49703	64174
49706	64327
49707	64409
49708	64417
49710	64427
49713	64759
49716	64838
49720	2537
49723	65124
49724	65220
49729	400506
49734	347733
49741	79098
49745	78996
49751	199857
49753	200558
49754	122258
49760	79172
49761	79175
49762	79177
49763	79230
49770	79600
49772	79608
49773	79630
49779	79713
49781	79738
49784	79781
49785	79782
49791	79831
49792	79839
49795	79862
49796	79875
49799	192669
49801	79924
49806	79980
49807	79981
49810	79998
49811	80008
49812	80032
49819	80179
49821	80227
49822	80304
49825	80724
49831	339229
49832	100996939
49838	246777
49839	196477
49840	79370
49841	168090
49842	154288
49849	339804
49850	138255
49855	164153
49856	284546
49858	84709
49859	203076
49860	113130
49861	56157
49862	84365
49867	84232
49869	84530
49871	84692
49885	170961
49887	161142
49895	348093
49896	84129
49897	115650
49898	257629
49899	143282
49900	147685
49901	84310
49912	23288
49913	128710
49914	150159
49916	64689
49919	79741
49920	339778
49921	115811
49922	317761
49925	171425
49927	219402
49928	349633
49932	391253
49933	126353
49934	84654
49939	3834
49940	80830
49941	80831
49945	114836
49947	80709
49949	81578
49954	81623
49959	114131
49961	56156
49962	56159
49967	83758
49970	83879
49972	83882
49973	83888
49974	83893
49975	83938
49977	83987
49978	83988
49980	84066
49982	84073
49984	84075
49985	84077
49987	84105
49989	84174
49990	84179
49991	84182
49992	283234
49994	84281
49996	84332
50000	84467
50004	84539
50007	653275
50007	55997
50009	84658
50021	84874
50023	84960
50025	84987
50026	85004
50027	7551
50037	3070
50038	843
50039	53336
50045	94086
50047	92747
50048	90226
50171	10309
50190	5890
50272	81926
50340	29799
50342	84630
50401	389840
50411	93492
50463	92797
50465	113177
50469	153478
50472	115350
50475	115701
50478	116511
50481	113540
50482	27181
50501	2889
50532	8505
50569	51601
50574	135152
50610	6677
50663	2019
50671	113179
50735	285242
50760	347527
50835	23232
50847	170572
50955	140707
50956	128408
50959	128653
50960	27201
50962	118442
50980	29941
51007	93624
51066	135935
51067	153745
51110	22897
51120	338599
51177	284406
51233	203074
51273	256979
51350	149465
51352	206338
51375	151636
51376	168507
51377	132243
51378	160364
51381	91937
51384	115004
51387	116441
51388	122945
51391	90316
51393	140469
51395	133396
51396	146722
51399	130540
51401	199713
51402	131890
51403	92346
51405	79444
51460	25886
51463	7579
51570	56899
51633	123970
51634	128025
51637	132989
51638	137835
51642	150590
51645	79415
51648	254427
51650	157310
51651	160857
51655	220042
51661	124220
51663	126364
51664	146325
51668	162655
51671	221468
51677	137209
51678	54991
51680	143662
51685	252884
51691	388323
51693	23514
51695	388536
51725	127062
51741	390162
51759	441670
51800	81050
51827	259197
51828	222234
51830	203259
51833	135458
51840	121793
51841	122046
51842	123775
51846	126272
51847	127795
51848	130367
51849	136051
51850	138009
51851	139221
51852	139285
51854	143162
51856	147011
51858	147929
51861	148266
51864	140699
51865	149840
51866	150468
51867	151246
51868	151254
51869	152065
51873	164592
51874	165100
51876	166655
51880	2187
51881	196513
51883	199699
51887	202309
51888	205147
51889	221322
51892	254268
51893	255119
51895	256957
51896	257062
51897	257169
51900	124045
51905	377047
51912	254173
51914	256051
51916	140680
51918	124975
51919	135398
51920	135932
51921	163154
51941	79670
51942	160428
51943	399665
51944	339977
51946	163071
51947	266747
51950	133383
51953	221393
52086	163702
52092	130507
52094	145376
52095	79086
52098	389384
52099	285368
52105	84162
52106	283420
52110	203522
52111	195977
52118	54768
52120	162681
52121	79613
52129	203111
52134	148345
52141	257101
52144	283284
52147	284040
52148	284654
52149	285025
52151	285533
52155	285755
52156	286262
52157	219990
52159	255043
52161	257044
52162	199675
52163	203260
52165	256536
52167	285555
52168	136306
52172	144100
52178	201243
52179	65998
52182	120935
52184	392307
52192	126375
52193	144608
52195	285800
52214	259285
52219	389610
52221	400258
52229	730112
52230	338398
52232	728239
52232	81557
52233	151888
52235	493860
52238	132203
52240	144809
52243	399949
52251	9739
52252	283748
52253	414332
52255	347736
52256	339834
52257	340205
52264	338949
52268	128861
52269	152816
52272	286256
52274	339512
52276	401546
52281	399947
52296	353174
52298	353164
52304	219578
52306	164668
52311	119395
52318	197320
52319	199964
52326	256764
52328	126859
52329	23345
52330	89797
52331	146378
52334	285513
52335	100289635
52341	347148
52344	223075
52346	347240
52351	284001
52352	257313
52359	285180
52362	346689
52365	374872
52366	374875
52367	374877
52371	400566
52375	55653
52377	374393
52380	198437
52382	140710
52385	123103
52386	374920
52388	387597
52392	494551
52396	375298
52406	138724
52408	147808
52412	389123
52414	81704
52415	403314
52598	387119
52599	404281
52601	200162
52602	388325
52611	131920
52613	166348
52617	387990
52618	388512
52619	388533
52625	389197
52626	389206
52628	390664
52640	401138
52643	284266
52649	23508
52652	57536
52656	26049
52657	85446
52660	91351
52664	23326
52665	84443
52678	118670
52683	23380
52701	124535
52716	144448
52721	147920
52723	148003
52724	148103
52725	148418
52727	149018
52729	149643
52739	158830
52756	147710
52766	164714
52791	196996
52813	284422
52815	646627
52819	340024
52823	220416
52829	283951
52832	254439
52838	441476
52845	402573
52846	388963
52852	399814
52854	338661
52857	440955
52868	57683
52875	161394
52882	221711
52949	344167
52974	346653
52981	199920
52985	57691
52993	255349
53006	253582
53050	285423
53051	285429
53056	286207
53069	283999
53083	168451
53111	26173
53117	647174
53133	84875
53205	387885
53300	401258
53366	222255
53396	654463
53430	84520
53435	84700
53442	389136
53459	146713
53460	339184
53461	339231
53470	340542
53479	340900
53485	728858
53493	342979
53496	344022
53500	343578
53503	340595
53527	342346
54375	283514
54376	121006
54378	642987
54379	388946
54416	401236
54439	387778
54444	387890
54453	283659
54461	146429
54469	83889
54473	388633
54497	389170
54515	389766
54525	390231
54583	387638
54680	389161
54754	283219
54768	22834
54775	400720
54780	257407
54811	401944
54900	728637
54902	653140
54908	118461
54921	448834
54981	440097
55024	440574
55190	100271715
55426	215
55427	286
55428	415
55429	1019
55430	1029
55432	1259
55433	1281
55434	1289
55435	1811
55437	2261
55440	2645
55442	3000
55444	3690
55445	3730
55448	3875
55450	4353
55452	5340
55454	5308
55455	6103
55456	6523
55458	224
55461	3852
55462	4633
55463	6473
55465	1080
55466	1300
55467	2203
55468	2588
55469	3949
55471	4891
55473	4843
55474	1378
55477	147
55478	211
55480	217
55483	223
55484	775
55485	1138
55488	1595
55489	2563
55491	3354
55492	3357
55493	3687
55494	5020
55495	5034
55496	5243
55497	5530
55508	255022
55510	64100
55513	1830
55514	847
55520	2326
55524	6013
55526	3458
55530	6813
55532	2782
55533	5878
55534	2778
55536	23478
55537	29927
55539	2771
55541	6346
55547	6531
55548	6865
55552	55
55553	87
55557	292
55558	309
55559	368
55561	817
55562	890
55565	1024
55566	1025
55567	1104
55569	1116
55572	1460
55574	1501
55575	1793
55576	1859
55579	2020
55580	2081
55581	2104
55582	2239
55585	2941
55587	3275
55588	3301
55590	20
55593	378
55596	414
55597	490
55599	669
55604	1006
55606	1215
55607	1280
55608	1310
55609	1357
55610	1361
55611	1380
55612	1395
55615	1473
55616	1509
55617	1537
55618	1635
55619	10290
55620	1821
55621	1848
55623	2098
55624	2313
55628	2784
55629	2932
55630	2971
55632	3078
55633	3101
55634	3208
55636	3371
55638	3769
55639	3791
55640	3797
55642	3836
55643	3856
55645	3887
55647	3945
55648	4010
55649	4067
55653	4140
55655	4282
55656	4295
55657	4440
55661	4893
55662	4967
55663	4978
55664	5063
55665	5081
55666	5128
55668	5211
55669	5225
55670	5328
55671	5336
55672	5338
55673	5409
55674	5452
55677	5568
55679	5578
55680	5587
55681	5590
55682	5595
55683	5597
55684	5600
55685	5601
55686	5608
55687	5635
55690	5693
55691	5710
55693	5796
55697	5870
55699	5880
55700	5905
55701	5912
55702	5931
55703	6195
55705	6300
55706	6332
55707	6418
55708	6428
55709	6455
55711	6594
55718	6777
55719	6792
55722	6861
55723	6874
55726	7064
55727	7125
55728	7134
55729	64499
55729	7177
55730	7178
55731	7181
55733	7296
55739	7336
55740	7430
55742	7547
55748	7691
55755	7727
55757	8050
55758	8078
55759	8140
55762	8444
55764	8467
55765	8476
55769	8558
55770	8560
55773	56101
55776	8671
55777	415117
55780	8735
55782	8744
55783	8778
55784	8789
55785	8802
55793	8999
55798	1069
55799	2016
55800	2194
55802	2687
55803	3421
55804	6550
55805	8814
55806	8974
55807	9212
55809	7760
55811	86
55812	670
55815	997
55818	1445
55823	2021
55824	2044
55827	2591
55828	3217
55829	3799
55831	4920
55833	5521
55836	7867
55837	8120
55838	8284
55839	8653
55840	9060
55842	9107
55843	9113
55844	9196
55846	9263
55848	9355
55849	9371
55850	9391
55852	9429
55855	39
55856	9622
55857	81
55858	1016
55859	1030
55861	3798
55864	4643
55867	5547
55868	5613
55872	9991
55873	225
55875	766
55879	1296
55884	2671
55885	2746
55888	3033
55890	3265
55892	4102
55892	4105
55895	5110
55897	5165
55899	6093
55900	7525
55902	9568
55903	9947
55904	10000
55906	10053
55911	3985
55912	4001
55916	6282
55918	6882
55921	6940
55922	10082
55923	10114
55925	10161
55929	10234
55930	10238
55933	10260
55936	922
55937	4088
55938	4191
55939	4325
55940	4522
55941	4628
55942	6502
55943	6718
55945	9578
55946	9759
55948	10320
55952	10382
55953	10397
55954	4122
55955	649
55956	830
55957	3337
55958	5306
55959	5470
55960	5475
55961	5525
55962	5529
55963	5580
55964	5592
55965	6789
55966	7444
55967	7746
55968	10427
55971	10479
55973	10554
55975	2773
55976	10672
55977	10692
55978	10693
55980	10844
55982	10905
55983	10927
55984	6917
55988	79799
55991	10959
55992	10987
55994	64714
55997	11033
56000	1789
56001	3204
56002	5831
56003	6016
56004	6048
56005	6328
56008	7564
56009	7567
56012	10385
56014	11104
56016	11119
56017	11120
56019	11169
56024	7633
56029	10351
56032	11269
56033	11329
56037	84532
56038	89941
56073	1431
56080	6652
56097	23171
56106	51012
56113	124590
56119	79602
56129	22919
56130	65263
56137	219333
56150	491
56152	51547
56208	81894
56228	5224
56234	3800
56235	56919
56240	5119
56267	90957
56276	4542
56279	5965
56282	2182
56284	79152
56292	26958
56295	10897
56296	84938
56299	23012
56300	120103
56320	3954
56324	23390
56331	2957
56334	51741
56358	137994
56377	22916
56379	351
56382	84889
56383	773
56386	966
56389	1301
56394	1958
56396	285220
56411	4061
56412	9261
56414	644890
56417	4646
56419	5079
56424	5579
56426	5361
56427	5362
56428	5494
56429	5532
56430	5606
56433	5986
56438	6423
56439	5602
56442	116085
56444	7702
56448	83942
56451	140679
56453	54993
56457	314
56461	57194
56466	1408
56469	1674
56470	1719
56471	64641
56472	253738
56483	204851
56489	3488
56490	153572
56491	7881
56492	8514
56493	29072
56495	3939
56497	89884
56499	5696
56504	51168
56518	10736
56521	10060
56523	23545
56528	7534
56530	7589
56531	91975
56532	2738
56537	23603
56539	3645
56540	51166
56542	10178
56545	7093
56546	1186
56548	5609
56554	26229
56555	22921
56556	23411
56557	22938
56558	22929
56563	9771
56564	22992
56565	22924
56568	26493
56569	553115
56571	26503
56572	27005
56577	815
56580	2998
56582	100533105
56582	23678
56583	29119
56584	29899
56585	29881
56588	7923
56589	5777
56590	3251
56591	84695
56593	79345
56594	6095
56598	340260
56602	9807
56603	6579
56606	30832
56659	4720
56661	28982
56664	29093
56668	11136
56670	26354
56672	27032
56674	27120
56676	27338
56677	27348
56678	26524
56679	9718
56680	9732
56682	9811
56683	9820
56685	9844
56686	9901
56688	89795
56689	116987
56690	22871
56691	23029
56692	83660
56693	23101
56694	23102
56695	23108
56696	23113
56697	23049
56698	23132
56700	23224
56704	25878
56705	25901
56706	25902
56708	25956
56710	26007
56711	26010
56712	26038
56714	26085
56715	26091
56717	51622
56717	221960
56721	27153
56723	50484
56725	50717
56736	51088
56737	51631
56740	51643
56741	51029
56743	51388
56745	22820
56746	51513
56752	51466
56753	51200
56754	51752
56758	51305
56760	5599
56761	55605
56762	50488
56763	50940
56764	3758
56766	51807
56767	56301
56773	54734
56774	54751
56777	54769
56783	54855
56784	54896
56785	54923
56787	54932
56788	54942
56789	55655
56791	55040
56793	55068
56794	55110
56795	55132
56796	55147
56797	55723
56798	55760
56800	55752
56801	55753
56803	55288
56805	55315
56806	54664
56807	55339
56808	50515
56809	55423
56810	53353
56812	55503
56814	55510
56817	442038
56821	201625
56824	56114
56827	56107
56829	56126
56833	53347
56834	54212
56835	54456
56837	54474
56839	54521
56840	54537
56841	27436
56843	54622
56845	387032
56848	55613
56856	23216
56859	1015
56861	643866
56863	56623
56868	23046
56870	58515
56875	55757
56878	56964
56879	56975
56880	192683
56885	57107
56886	57053
56892	57335
56894	57381
56895	57396
56897	57505
56898	57522
56899	57537
56903	57626
56904	113878
56908	288
56912	6565
56913	8912
56916	57798
56919	3681
56920	166378
56924	11122
56926	57060
56927	4166
56929	51447
56933	7621
56936	54583
56937	63874
56940	23400
56941	63977
56942	64083
56943	64093
56944	64108
56945	64110
56949	64225
56951	64403
56955	415116
56957	64854
56959	64895
56960	54904
56962	9351
56963	65243
56964	65251
56969	81555
56971	8741
56979	53354
56982	10886
56983	79012
56985	64699
56986	79009
56992	79413
56993	79446
56994	79581
56995	79609
56997	79623
56998	79626
56999	79646
57000	79665
57002	79731
57005	79805
57006	79809
57008	79858
57009	79898
57014	79974
57015	79982
57016	80005
57020	80168
57021	80183
57022	80207
57023	23387
57024	22981
57027	80714
57028	5092
57030	56945
57031	92609
57032	94103
57033	83759
57034	222698
57037	405753
57041	84792
57043	64951
57046	253512
57048	26502
57050	84623
57051	387263
57052	517
57056	78990
57057	119391
57062	84264
57065	414918
57070	727910
57073	341567
57076	84275
57078	283629
57079	23158
57083	283375
57086	23076
57091	125972
57094	64859
57095	8916
57098	54878
57100	101928147
57100	102723451
57102	128866
57105	253832
57110	130752
57111	84570
57112	255104
57114	80758
57115	80760
57119	54763
57121	79368
57124	81494
57125	81562
57126	66035
57127	81569
57133	81616
57135	81796
57137	3672
57138	5232
57139	6573
57144	139322
57145	64599
57146	57787
57147	63982
57148	83597
57149	83606
57151	83733
57152	22987
57158	83940
57160	8997
57161	2693
57162	9708
57167	84290
57169	84446
57171	84449
57173	84618
57174	84651
57175	84668
57178	84735
57181	84869
57185	84914
57185	147687
57187	84970
57197	6358
57198	89792
57200	93650
57202	89885
57203	85481
57205	23176
57206	389812
57211	94160
57467	154141
57502	57176
58616	89845
58958	147699
59161	440738
59263	154091
59931	11091
60033	114112
60114	90522
61474	28227
61676	92597
62157	85450
62158	92595
62161	57216
62163	81629
62165	114789
62166	114799
62167	114805
62168	114821
62170	116496
62172	113451
62175	51384
62199	124540
62200	54550
62246	93979
62287	80036
62301	79683
62377	116442
62402	253152
62404	144404
62417	129563
62425	23080
62431	375775
62452	121227
62481	148641
62496	9057
62617	23157
62637	254122
62645	6547
62654	353189
62657	133121
62661	431707
62673	64718
62675	643853
62681	91252
62693	1107
62723	339967
62792	129025
62794	140883
62795	146057
63366	374786
64011	58527
64245	64282
64353	126374
64370	619279
64373	90637
64441	283600
64463	165679
64464	84641
64466	201895
64475	317703
64485	129049
64602	10025
64628	148213
64630	171392
64631	90233
64632	116211
64633	154150
64641	65061
64642	92949
64643	158800
64662	27443
64680	26115
64797	652991
64807	147015
64815	202915
64816	160287
64817	204801
64820	221785
64823	148252
64826	148932
64827	199692
64830	126969
64832	160728
64833	338382
64840	10249
64844	90627
64846	393046
64855	219960
64859	120787
64865	391189
64866	130075
64870	124538
64884	81472
64896	125963
64897	26219
64906	219968
64916	120586
64935	390059
64956	390077
64962	81282
65034	165140
65035	93134
65036	123283
65037	125206
65040	126123
65042	127396
65043	131831
65044	133584
65045	137362
65046	144348
65048	147949
65049	148811
65050	151195
65054	163081
65056	166979
65059	222663
65060	148254
65061	255631
65064	57593
65073	154215
65074	164284
65075	168417
65076	196472
65105	126206
65126	80025
65127	728116
65128	27132
65132	79412
65137	442117
65163	9649
65196	253190
65235	23177
65241	170692
65244	654429
65245	135112
65246	256987
65257	117283
65261	196374
65262	373863
65263	79843
65264	91050
65266	126295
65267	157807
65270	201514
65275	25914
65276	285203
65279	285093
65280	286128
65284	9912
65285	136541
65286	134860
65290	343637
65296	23492
65299	83857
65313	126204
65315	165186
65318	23361
65328	7559
65330	286753
65333	729025
65334	100507656
65335	728464
65339	123745
65341	147409
65342	26045
65344	253935
65345	286530
65347	390259
65355	285704
65356	389208
65357	202374
65358	63899
65605	114800
65608	169714
65609	284459
65610	341019
65615	283149
65619	348094
65620	64147
65622	130340
65856	342977
65864	90075
65865	151295
65866	253143
65867	389692
65979	80067
65982	114788
65986	284948
65995	388886
65996	388341
65999	284252
66004	100526739
66004	378708
66103	23252
66105	388394
66117	57644
66151	7399
66159	162967
66164	388336
66167	389114
66168	389690
66181	340385
66182	401027
66185	90485
66187	57232
66189	7587
66191	23031
66192	57520
66194	23112
66195	22979
66198	57464
66199	57574
66201	83744
66204	114803
66207	132946
66215	119679
66232	155054
66233	158833
66243	340156
66271	83394
66272	114818
66273	84909
66277	645432
66294	440590
66298	100129480
66300	7984
66302	2195
66303	374887
66313	84548
66327	387640
66336	132430
66345	340267
66368	154214
66379	541468
66393	286151
66397	282890
66455	338751
66459	390058
66506	401992
66506	403244
66579	347168
66599	121601
66605	51059
66610	144501
66630	23654
66636	375316
66637	126823
66640	84622
66646	23259
66652	342132
66661	346157
66746	219654
66924	493829
66935	100131390
66961	9659
66969	643418
66971	149954
66992	90120
67014	387718
67023	317662
67036	729627
67058	390956
67062	391112
67083	338440
67089	100131211
67090	401067
67092	9656
67109	348801
67120	90381
67131	25981
67159	57639
67167	144568
67175	220081
67184	79927
67424	619189
67425	79026
67734	646019
67746	646486
67775	129521
67785	7761
67800	147658
67804	284656
67808	440956
67858	442184
67860	442247
67934	221264
67970	644096
67991	154075
68031	718
68033	1285
68035	1545
68040	2629
68042	3931
68044	4625
68045	6005
68046	6017
68047	6514
68048	6833
68049	6949
68050	7139
68051	358
68052	1244
68053	1513
68054	1536
68057	4143
68058	5444
68060	268
68062	1543
68063	1589
68064	5956
68066	3043
68068	6010
68069	6261
68070	5054
68073	3356
68074	3577
68076	128
68077	130
68078	148
68080	220
68081	495
68082	1544
68089	1571
68091	1573
68094	1591
68095	3248
68096	3614
68097	3818
68099	5534
68100	5915
68103	9349
68104	6142
68105	6143
68110	6167
68119	11046
68120	284004
68122	342945
68125	8546
68126	54106
68127	1360
68134	3746
68135	5222
68135	643834
68135	643847
68136	53905
68139	8513
68141	354
68142	5868
68143	5901
68144	7367
68145	6203
68148	6229
68150	6234
68151	6263
68153	7018
68154	7086
68159	26
68163	290
68164	307
68165	316
68166	343
68168	579
68170	955
68171	956
68172	990
68173	1040
68174	1105
68175	1108
68176	163
68178	1666
68179	1777
68184	2166
68185	2330
68187	3066
68189	3316
68190	744
68194	293
68195	377
68196	391
68197	479
68198	525
68199	527
68200	763
68203	983
68205	1088
68206	1160
68207	1183
68208	1373
68209	1410
68212	780
68215	2027
68216	2028
68219	2329
68220	2673
68222	2774
68223	2800
68224	2803
68226	2935
68229	3034
68231	3109
68237	3445
68242	3756
68246	3882
68248	3889
68249	3921
68252	4114
68256	4626
68260	4898
68261	4923
68262	4995
68265	5164
68268	5226
68269	5294
68270	5357
68272	5471
68273	5537
68275	5631
68279	5653
68281	5917
68282	5967
68283	6015
68285	6119
68287	6259
68290	6344
68293	6582
68295	6584
68296	6599
68297	6638
68298	6657
68300	6690
68302	6795
68303	6827
68304	6919
68305	7108
68306	7266
68307	7311
68308	7319
68317	7753
68318	1118
68320	8224
68354	8405
68355	8435
68361	8687
68363	8710
68364	8714
68365	8747
68367	8833
68368	8854
68369	8857
68370	8883
68371	8929
68372	8975
68374	6199
68375	9045
68377	388
68379	2170
68380	2281
68385	9628
68386	9630
68387	238
68389	860
68391	1005
68392	1047
68393	1387
68394	1496
68396	1758
68398	1780
68401	2804
68403	3028
68404	4677
68408	8287
68413	9253
68415	9365
68417	9441
68418	9476
68419	9498
68420	9559
68421	9583
68422	9589
68425	2564
68426	3065
68427	3749
68428	3987
68430	5273
68433	5881
68434	6123
68437	10999
68439	9945
68440	9962
68441	9968
68442	9972
68443	9976
68444	9997
68445	306
68446	70
68447	333
68449	2627
68450	2678
68451	2783
68454	2923
68455	3006
68456	3007
68461	3038
68463	3092
68464	3320
68468	5365
68471	3290
68473	3339
68475	5533
68477	6883
68478	7469
68479	7905
68480	8187
68482	25989
68483	10096
68486	10202
68487	10212
68489	10225
68490	10254
68494	5753
68496	7277
68498	7846
68501	10316
68503	10381
68504	10383
68505	4921
68506	5093
68508	5260
68509	5455
68515	103910
68516	2077
68517	5968
68520	6513
68522	10670
68524	3312
68525	10767
68527	10810
68528	10855
68530	1008
68531	6575
68532	10994
68533	11015
68534	11027
68535	6474
68536	3441
68540	153579
68542	8218
68543	4736
68545	7748
68546	7932
68548	10585
68549	11279
68550	11345
68559	5518
68564	3306
68636	57205
68641	51117
68691	9230
68701	81929
68707	54732
68719	5908
68728	80135
68766	28996
68773	23636
68784	84961
68806	284723
68807	284904
68813	114882
68818	9221
68830	140801
68832	84706
68886	57223
68891	92856
68893	440138
68944	9949
68973	1663
68982	891
68986	387
68990	1755
68992	2897
68997	160
68998	170302
69006	83401
69013	2011
69015	8522
69017	2894
69021	3633
69022	24137
69027	4836
69028	64359
69032	23396
69034	140683
69035	5879
69045	84790
69047	140612
69050	139735
69058	1159
69058	548596
69065	2260
69067	9846
69070	441509
69077	8550
69079	50804
69080	4637
69087	5814
69089	51804
69090	6546
69099	203068
69101	91010
69102	100131827
69103	64375
69105	23632
69108	2103
69109	23005
69110	4215
69111	27445
69113	440
69117	23553
69118	23547
69120	23526
69121	23194
69125	26266
69131	489
69132	27183
69134	29123
69140	59345
69145	10044
69149	3284
69150	9050
69152	94233
69153	9200
69156	28958
69159	26047
69160	29082
69161	83658
69164	26576
69165	27072
69167	27246
69169	27284
69170	29988
69171	9704
69174	22879
69175	22885
69180	23286
69182	23328
69183	23369
69186	23500
69187	57472
69188	26059
69190	26960
69192	27235
69193	50628
69194	10079
69197	51065
69198	51069
69199	51094
69200	51629
69202	51676
69205	51160
69207	51167
69208	51703
69209	51170
69212	51719
69215	51226
69216	27175
69217	51533
69218	22858
69220	51762
69222	51296
69231	100131017
69234	54758
69235	55582
69236	11182
69237	54808
69238	54826
69239	54905
69240	114884
69242	54988
69243	55665
69244	55693
69245	55696
69247	55711
69249	55758
69251	55293
69254	55784
69255	55825
69258	55501
69259	119587
69262	56113
69263	56110
69266	56133
69268	54498
69270	54566
69288	8986
69290	56606
69293	56895
69295	56948
69297	56994
69303	57134
69306	28
69311	729359
69314	57473
69315	57486
69316	57510
69317	57555
69318	57561
69325	57209
69331	8911
69334	10793
69337	23382
69339	54715
69340	140609
69341	93408
69345	53841
69348	43847
69351	56659
69354	64146
69356	255626
69358	64787
69359	81631
69361	64852
69367	285525
69368	78995
69369	79029
69370	79090
69371	79132
69375	112755
69379	23563
69380	114883
69381	79703
69382	79718
69383	79751
69385	79817
69386	79852
69387	79901
69390	80012
69393	80129
69394	80233
69400	85301
69404	9865
69414	84617
69415	84072
69422	81617
69427	92105
69431	166614
69433	136895
69435	124404
69439	83642
69440	64850
69441	113115
69453	160492
69456	84076
69460	124583
69468	389792
69471	80975
69472	375611
69474	81027
69475	913
69477	81669
69485	83447
69487	56169
69488	83607
69491	83723
69502	84070
69510	55671
69511	85320
69513	84910
69517	84975
69532	138307
69533	92483
69536	64478
69553	58509
69669	57187
69703	155038
69753	285195
69814	126410
69908	57210
70131	10802
70141	374407
70240	339761
70244	5519
70404	123876
70486	54020
70580	85443
70710	197021
70768	55008
70791	388403
70866	2686
70869	84033
70871	114793
70873	115201
70874	9315
70878	100101267
70878	9883
70885	440822
70926	92154
70948	128240
70950	139818
70951	200014
70969	23120
71010	127700
71015	23035
71019	23274
71030	65059
71040	124976
71077	152559
71100	167127
71125	137902
71174	89872
71199	3747
71264	23460
71313	91373
71327	253827
71345	222962
71495	158880
71541	89932
71549	345275
71559	114771
71684	121256
71688	9992
71711	132949
71716	150737
71749	201232
71779	345895
71790	89944
71795	130589
71802	200879
71803	146183
71837	25790
71886	91147
71928	146279
71930	151393
71932	219970
71934	115704
71948	284349
71949	283848
71950	341416
71958	26658
71970	392391
71977	441669
71979	127623
71986	122742
71990	442194
72012	283694
72012	102723532
72017	128368
72021	120065
72031	26338
72039	120066
72055	341276
72057	79473
72082	93129
72085	129450
72088	148109
72090	245972
72094	204962
72096	196743
72100	153201
72101	91522
72102	8632
72110	146754
72130	84256
72131	139378
72199	10207
72200	89887
72212	84501
72220	23060
72226	285676
72227	57609
72228	253782
72232	389015
72238	169270
72239	283078
72240	112937
72241	283742
72248	147912
72259	200895
72261	284434
72271	550631
72278	84698
72281	341392
72287	387357
72341	221391
72346	26716
72399	440077
72405	57680
72467	139562
72470	155184
72499	138715
72510	170063
72522	197350
72536	121551
72555	374654
72560	219902
72569	139604
72638	285973
72641	389643
72644	219956
72793	50614
72894	51754
72920	126370
72966	340980
73249	100113407
73264	3338
73393	80000
73447	390113
73459	728410
73459	26583
73459	653548
73459	100287823
73459	102723423
73459	102723538
73459	102723449
73459	102723495
73459	102723472
73459	102723518
73459	441056
73459	22947
73459	653545
73459	653543
73459	653544
73463	9914
73467	402569
73526	55125
73649	55833
73713	729020
73870	411
73871	948
73872	1184
73874	1277
73875	1586
73876	1836
73882	3209
73884	6556
73888	126
73890	221
73894	1555
73898	1572
73901	2899
73902	4051
73910	343563
73910	401993
73941	119774
73944	119682
73947	390075
73968	81696
73972	219487
73973	219484
73975	219464
73999	138803
74028	26696
74036	254879
74037	391107
74053	390648
74054	390649
74101	390323
74111	8387
74113	79310
74156	392390
74197	219453
74224	79544
74238	219447
74274	497661
74280	414059
74280	84218
74280	729873
74280	729877
74280	101060321
74280	414060
74280	102724862
74280	101060389
74280	101060351
74280	102723859
74280	101060376
74291	65997
74292	58531
74294	3303
74294	3304
74295	2495
74297	55075
74299	4600
74300	2241
74302	6515
74303	5155
74305	221223
74306	3326
74307	51182
74313	83592
74359	9133
74377	90441
74378	221357
74381	6517
74382	32
74384	101
74385	283
74386	939
74387	1018
74391	1775
74392	1808
74393	1826
74395	2358
74396	2587
74398	2862
74399	2895
74401	3386
74402	71
74404	566
74406	735
74409	1017
74410	388555
74413	1871
74414	2026
74417	2770
74433	3881
74438	4332
74441	4751
74442	5016
74445	5271
74446	5413
74451	5774
74452	5858
74455	6249
74458	6461
74459	6518
74460	6708
74462	6742
74463	7004
74470	7781
74473	8309
74500	8379
74501	8519
74507	8641
74509	8647
74511	8693
74512	8707
74514	8826
74516	1117
74519	9407
74520	869
74521	1070
74522	1840
74523	2814
74524	3183
74529	9122
74531	9344
74536	5094
74538	6319
74539	8993
74540	6046
74542	778
74543	863
74544	1747
74545	1956
74546	2844
74552	4094
74553	4107
74556	3297
74559	6296
74561	9293
74563	10257
74564	90668
74565	10327
74567	4917
74571	10483
74572	10487
74574	10581
74575	10599
74576	10746
74578	10807
74580	10871
74586	6665
74587	7581
74591	7728
74720	152007
74739	51312
74832	132954
74841	1453
74852	284439
74861	9625
74862	8038
74865	656
74875	1838
74879	344191
74881	5239
74905	26095
74915	7224
74925	8728
74929	55799
74940	23604
74941	8749
74943	2138
74949	10362
74950	3182
74962	4137
74967	57575
74968	22984
74971	26469
74972	5923
74984	7782
74992	668
74994	25823
74999	8392
75000	25818
75001	6326
75006	23539
75007	29953
75008	23670
75024	9542
75027	10982
75028	23623
75037	23057
75041	23315
75044	25934
75045	25953
75047	26166
75050	23250
75051	9394
75052	23022
75056	51747
75059	51763
75060	51284
75070	54617
75071	54776
75072	54809
75076	54972
75077	55089
75079	55107
75081	55256
75083	55289
75084	55303
75085	55779
75089	117247
75090	1912
75093	56147
75095	56138
75096	56140
75098	56142
75100	56112
75102	56099
75103	56131
75104	7314
75106	54503
75113	7216
75119	28234
75120	25791
75128	57091
75130	57094
75133	108
75138	57642
75139	57665
75155	57827
75157	282974
75158	54997
75163	85358
75164	100653515
75168	27159
75172	60680
75173	64064
75175	63892
75179	64137
75183	64167
75184	64184
75185	2188
75187	1488
75191	783
75203	79081
75204	84263
75207	377677
75208	79411
75209	79441
75210	120227
75211	79772
75215	80127
75216	10221
75226	285141
75239	138151
75240	116224
75241	51149
75244	127845
75250	54586
75260	63946
75262	642273
75268	85007
75274	29785
75281	373509
75282	221823
75283	643037
75292	84221
75303	23762
75307	65975
75311	81931
75314	9987
75315	147945
75316	83641
75323	80834
75324	53940
75328	83795
75329	84067
75330	84239
75335	84680
75336	84765
75337	84775
75338	84839
75339	85014
75343	8556
75345	85363
75662	26504
75666	643414
75853	260293
75941	128312
75968	2762
76103	26289
76124	56341
76175	285641
76214	253430
76320	57709
76377	4293
76442	58530
76444	23291
76446	114960
76447	115352
76448	115703
76449	150921
76469	136259
76542	57716
76562	63910
76567	92293
76629	131669
76659	6318
76679	283130
76699	1515
76766	10150
76810	128864
76811	140893
76813	92591
77038	8838
77042	126014
77044	93426
77068	126326
77127	147183
77129	283643
77136	387601
77185	260429
77213	80184
77215	91860
77312	159686
77324	9885
77327	118663
77329	140290
77332	147657
77333	147968
77337	7325
77339	203062
77340	147906
77343	150353
77346	147837
77353	10768
77363	162417
77368	594855
77390	148979
77391	259240
77409	149076
77410	149483
77411	152579
77415	170062
77416	197259
77420	147495
77423	117155
77426	91749
77448	115653
77451	344905
77474	149647
77476	10083
77478	26030
77534	158135
77540	282617
77543	79879
77551	344558
77555	284297
77569	283417
77570	100506944
77571	55554
77586	83551
77587	91584
77589	168455
77607	728591
77630	399693
77641	150771
77642	284382
77645	644139
77648	55698
77694	53345
77698	130813
77700	284358
77701	284359
77704	113612
77705	23359
77706	100287362
77717	6691
77719	8786
77795	339768
77849	339168
77850	23245
77851	503497
77852	1149
77854	374403
77857	377841
77864	149998
77917	145741
77918	389320
77932	402415
77933	255189
77938	23094
77940	150221
77940	85376
77940	440804
77943	23043
77947	114827
77949	126755
77950	127391
77951	136288
77965	153918
77989	80336
78016	339745
78018	100130742
78027	79923
78034	646603
78035	79583
78036	388125
78041	207063
78045	474343
78045	54466
78051	392509
78065	645191
78106	347051
78107	9132
78141	23281
78152	146395
78154	112885
78163	283129
78167	285382
78179	132299
78213	3434
78229	79037
78313	128360
78322	442213
78348	9026
78363	345611
78368	347475
78513	339145
78581	100134938
78582	55009
78604	646862
78635	170371
78662	387755
78669	388566
78671	388701
78689	26246
78703	9724
78705	401190
78724	26223
78755	100127983
78765	645369
78772	79868
78831	121364
79011	401551
79022	259308
79041	646498
79087	440087
79096	440695
79130	440163
79144	729665
79202	347344
79220	6689
79247	100129792
79330	2512
79337	403278
79352	390181
79371	341418
79418	81341
79449	114783
79476	219436
79498	8242
79538	25895
79540	27106
79542	26249
79543	55544
79549	57453
79554	64319
79572	151871
79576	80763
79613	1538
79615	117195
79625	347516
79669	124923
79670	148523
79672	114881
79676	283159
79679	282775
79699	283461
79701	285605
79722	100506627
79738	399474
79756	93166
79757	494470
79759	206412
79783	158401
79796	154467
79815	348180
79859	64839
79879	440957
79885	646960
79931	100288524
79940	647309
79950	90835
79952	400831
80097	339105
80163	5476
80167	488
80170	1352
80171	1478
80174	3936
80191	6809
80192	1800
80193	6695
80199	11283
80206	202018
80210	57521
80218	3015
80230	23283
80235	54504
80244	89978
80245	402682
80336	4706
80517	346606
80747	130749
80930	56649
81077	57720
81386	7730
81391	80139
81538	390083
81541	120776
81548	81309
81556	219870
81557	390264
81567	219429
81570	219432
81583	125958
81590	162998
81595	119694
81596	390081
81615	345
81618	10460
81623	57817
81624	10390
81628	84068
81639	9699
81651	493861
81653	23761
81655	287
81667	51201
81678	10938
81681	2040
81683	167
81684	587
81697	4869
81698	4879
81701	6583
81703	6198
81710	8303
81724	8451
81726	416
81733	9553
81735	9623
81737	9989
81738	602
81740	9061
81743	6286
81752	11185
81753	10665
81788	158866
81801	8019
81806	3972
81810	23309
81815	9362
81816	4097
81821	7005
81823	199704
81825	27161
81826	26523
81827	23410
81828	25766
81829	2900
81830	29978
81837	30845
81840	25770
81844	51412
81845	29903
81848	51191
81849	51545
81850	1398
81852	51816
81859	55744
81861	55777
81862	55801
81863	55867
81866	56111
81867	56104
81868	56102
81871	56751
81872	66002
81873	7770
81881	57717
81885	58491
81888	7335
81889	7170
81890	51764
81892	64766
81895	79000
81899	79698
81904	79820
81906	79865
81908	140685
81909	3190
81910	100188893
81913	84569
81914	474354
81915	55844
81920	652968
81923	64115
81929	100506581
81931	83696
81932	135927
81939	79369
81940	81794
81946	84298
81947	4648
81956	89122
81957	85480
81985	84439
82078	29966
82108	151056
82192	3431
82234	131408
82238	317762
82242	414149
82249	80739
82250	150678
82252	120114
82269	219988
82282	164118
82283	219844
82284	115560
82285	93100
82286	148823
82288	200315
82294	390197
82298	283093
82299	119749
82302	92285
82303	121273
82308	254158
82325	254251
82326	256815
82335	116337
82340	79364
82344	222826
82346	284099
82347	284254
82351	100170841
82352	729533
82354	54989
82355	57189
82360	126205
82362	389118
82363	727857
82366	84448
82367	342527
82369	85458
82371	128602
82382	10903
82387	162083
82388	284697
82389	23510
82395	100132074
82403	26057
82404	378925
82406	64423
82407	284415
82414	221937
82427	389376
82429	9922
82436	731220
82437	389658
82444	9951
82446	119548
82452	431704
82459	221303
82462	65980
82466	84660
82467	51157
82470	646658
82476	84226
82482	2865
82484	27237
82485	57713
82492	646262
82494	284759
82509	402778
82510	5936
82511	56981
82530	343066
82544	402160
82549	342908
82551	347487
82563	646625
82573	11174
82588	127687
82595	100130827
82612	389203
82625	400935
82628	401250
82639	283446
82650	642636
82651	149069
82663	100128327
82675	348378
82744	440712
82747	157773
82826	643641
82882	284615
82921	4515
82943	493753
82993	10326
82995	4250
82999	390067
83162	1975
83191	2840
83197	6235
83202	127943
83226	9447
83229	3833
83231	9209
83248	2298
83252	10580
83271	94239
83276	27112
83279	51347
83283	55106
83284	55888
83285	55908
83291	57572
83295	8470
83297	353514
83305	59286
83311	54457
83321	127540
83326	101928761
83383	10407
83411	140881
83439	90853
83447	390174
83448	135924
83452	256710
83454	134187
83471	54827
83472	728215
83473	57705
83488	340273
83495	57228
83517	57688
83522	129293
83546	283677
83557	374462
83602	284184
83646	149499
83681	345643
83773	389333
83921	643382
83924	4008
83936	414157
83963	387763
84057	645104
84061	790955
84331	56656
84338	85439
84369	3820
84371	5836
84372	7324
84379	8677
84384	5583
84397	10002
84402	51765
84407	23491
84408	102288414
84442	284086
84460	22829
84476	9616
84571	81127
84576	81300
84582	346517
84584	120796
84585	127077
84588	54921
84589	353515
84589	9082
84591	1390
84592	79774
84597	286319
84604	192668
84605	391109
84608	26737
84609	81061
84609	440153
84609	79334
84615	93978
84616	492307
84621	26165
84621	727830
84621	647060
84621	727905
84621	389730
84625	126637
84626	128822
84627	7675
84633	64711
84635	10848
84638	387923
84641	493901
84642	387103
84643	503542
84644	503582
84646	503834
84663	149685
84685	619208
84686	151835
84695	1109
84697	357
84710	6305
84733	9940
84734	3149
84739	8831
84741	7441
84746	114876
84780	126638
84799	22835
84805	253959
84816	55922
84823	342096
84823	55889
84823	653641
84823	653643
84829	81624
84838	58486
84840	60313
84844	64900
84861	647310
84866	729438
84874	83896
84880	84871
84987	728661
85014	3784
85030	10816
85034	388630
85096	129868
85096	653192
85117	728929
85117	100506888
85117	162699
85117	101930171
85149	729830
85155	79778
85163	150709
85165	375056
85169	644815
85172	9651
85175	168400
85176	646457
85177	643008
85178	644054
85178	643161
85178	100133093
85194	378108
85194	375593
85195	642658
85197	284338
85214	643677
85224	644994
85232	90342
85237	115273
85245	729475
85248	100507003
85288	57553
85300	339766
85304	643226
85312	730130
85362	644100
85370	646799
85408	729384
85408	399939
85433	29951
85443	257415
85469	642938
85473	613212
85511	728047
85511	653073
85511	728498
85511	653125
85511	653720
85511	643699
85511	101059918
85555	25858
85690	128954
85692	440854
85749	643669
85776	258010
85810	644186
85827	642597
85833	643314
85847	643338
85849	643965
85917	1548
85917	1549
85917	1553
85949	6194
85959	54578
85969	163131
85978	317701
85987	140733
85990	55208
85994	10169
86007	390110
86009	280636
86016	399967
86034	53833
86039	56940
86043	10933
86049	5440
86074	10632
86092	5819
86122	79763
86184	117196
86211	54659
86241	220108
86246	259249
86248	120400
86310	100191040
86332	448831
86332	441581
86343	100130958
86351	54454
86402	55628
86422	23218
86478	1527
86654	2160
86655	3440
86692	134083
86695	245930
86702	340069
86703	401251
86704	100507421
86710	474170
86710	9884
86710	374819
86729	84460
86731	79934
86732	11036
86743	10163
86756	11006
86764	404785
86764	641455
86764	23784
86779	405754
86785	441381
86800	146198
86811	641700
86815	116986
86818	100131137
86820	284114
86835	389383
86837	100287284
86842	25840
86848	3821
86859	245940
86859	100133267
86861	245927
86877	100170765
86882	2327
86883	1164
86887	140465
86889	5721
86891	7456
86893	8085
86923	6881
86942	5116
86954	57055
86980	9753
86982	22870
86984	9379
86985	23130
86986	23327
86992	486
86995	55190
87006	54882
87006	404734
87007	57474
87013	50840
87028	100310846
87044	165918
87053	101929327
87066	100505478
87072	120406
87074	113444
87098	6169
87103	164045
87131	7423
87150	23211
87176	131118
87213	152206
87220	56849
87241	339327
87243	162993
87245	151176
87246	158809
87251	101928601
87257	23362
87267	85019
87288	51252
87291	255809
87330	285016
87331	388327
87409	152098
87420	728026
87446	51146
87501	346288
87502	100131801
87519	153218
87544	101927581
87608	728568
87610	115749
87632	100130988
87637	23152
87703	23732
87707	56252
87772	6129
87788	26534
87789	90987
87791	5196
87796	7073
87807	51131
87808	400966
87808	729857
87808	285190
87808	653489
87808	84220
87808	729540
87808	727851
87809	22902
87814	441531
87817	375616
87827	245913
87837	641339
87844	728137
87844	100289087
87844	728395
87844	7258
87844	728403
87844	64591
87855	1750
87856	4018
87858	6613
87862	81689
87875	56242
87892	83895
87897	650157
87926	9502
87928	414189
87928	119016
87928	653268
87928	642517
87928	729092
87928	101060581
87928	119385
87946	219743
87947	728036
87947	255313
87947	100507170
87947	728042
87947	728096
87947	728049
87947	728090
87947	653282
87947	728082
87947	728062
87947	728075
87947	728072
87952	341676
87960	729233
87960	122183
87960	729250
87960	729240
87960	729246
88056	643803
88113	692094
88124	23217
88167	387715
88188	730005
88315	653149
88315	148545
88329	4277
88330	3077
88332	2652
88332	728458
88332	101060233
88335	124
88337	797
88342	2352
88343	3827
88349	391195
88350	284521
88368	150681
88370	127064
88375	219952
88376	79339
88382	158431
88390	401152
88394	353091
88395	26609
88395	51481
88399	387082
88401	796
88406	388951
88409	285267
88414	343413
88416	391104
88420	390265
88421	219869
88422	392376
88423	138799
88427	390037
88429	729759
88429	26683
88429	81399
88429	441308
88430	6348
88434	340441
88435	57135
88435	1617
88438	135941
88442	83737
88443	6205
88447	146822
88448	246744
88453	10043
88454	493869
88459	8689
88463	10859
88465	7544
88470	84924
88474	259296
88476	1672
88477	30014
88477	728695
88477	64663
88477	728712
88477	64648
88478	122665
88479	3385
88481	139067
88483	441525
88487	92014
88488	90321
88490	142910
88500	152015
88531	51427
88538	65991
88540	389289
88541	386653
88543	196913
88550	92270
88554	5208
88560	154907
88564	440387
88565	574016
88569	284402
88575	1119
88576	9953
88578	200373
88579	339318
88581	2931
88586	613210
88588	196446
88604	728343
88604	56001
88605	284274
88607	245928
88608	338809
88609	245929
88613	148930
88617	343071
88621	54657
88634	654346
88638	643394
88639	644414
88639	100129216
88640	503618
88640	140596
88647	2854
88651	945
88652	1043
88653	1469
88658	3346
88661	3452
88662	3641
88663	3904
88664	4246
88665	5197
88668	5678
88669	5789
88671	6372
88672	6374
88673	6779
88675	7625
88676	7699
88677	7711
88697	8712
88701	9056
88705	3590
88707	4904
88708	5209
88709	6611
88710	9084
88710	353513
88710	51480
88715	389903
88715	102723547
88717	4100
88718	1120
88720	4111
88729	10172
88735	9955
88737	7773
88740	10647
88741	10648
88742	10738
88742	5988
88744	10876
88747	10974
88753	9506
88764	6222
88782	84812
88786	23434
88813	26526
88815	4814
88818	29798
88818	408029
88820	29935
88821	7638
88832	22869
88833	23007
88834	26167
88835	51032
88836	51701
88837	51710
88839	51233
88843	51574
88844	201254
88846	26245
88851	55150
88856	55876
88857	55511
88859	23742
88862	83650
88864	112802
88865	56731
88872	57711
88876	5671
88882	8331
88883	5366
88885	58503
88893	50835
88894	50836
88900	79921
88902	80110
88903	80264
88905	85293
88911	388818
88915	146225
88918	83982
88920	80778
88922	26707
88924	81853
88926	83417
88928	89822
88931	83854
88935	84166
88936	84224
88942	84851
88945	26149
88946	85280
88947	94039
88948	93474
88949	90070
89001	79758
89031	114026
89032	114132
89033	114659
89034	114784
89035	91074
89039	117159
89041	117285
89087	140597
89091	140832
89094	128488
89095	142684
89096	92086
89116	10951
89120	170626
89124	170959
89136	160065
89137	113763
89140	163688
89142	140850
89143	5648
89154	126259
89155	143501
89157	219833
89158	92806
89159	221786
89161	202865
89162	220992
89165	115861
89167	6368
89168	64288
89169	338785
89174	90594
89175	91607
89177	26974
89179	154386
89180	165631
89183	260434
89184	222659
89185	260436
89188	151278
89189	145858
89194	92283
89195	245938
89200	144195
89201	266722
89219	255061
89220	160365
89221	164237
89225	284418
89229	145946
89234	285600
89235	285668
89237	286499
89250	259294
89253	55001
89255	339883
89261	284186
89263	340252
89264	153571
89274	337971
89279	353324
89280	126668
89282	283598
89283	283777
89287	285877
89289	348158
89290	349075
89309	347365
89310	374918
89311	375519
89315	386684
89326	283807
89328	158724
89329	388677
89329	100996763
89332	404203
89333	171483
89335	404552
89343	387695
89346	389649
89347	392490
89352	400165
89357	400830
89366	124751
89367	100130705
89413	643664
89529	728299
89568	286238
89631	728927
89638	149478
89678	285888
89696	390940
89759	729574
89759	729587
89759	102723383
89885	728819
89891	399968
89932	644591
89932	653598
89932	653505
89932	728945
89932	730262
89932	645142
89990	147646
90042	649330
90042	101060301
90047	100505993
90075	643155
90078	127602
90112	349136
90132	100130613
90150	286144
90172	133874
90201	102724473
90204	57501
90279	152118
90358	100506049
90360	100507650
90372	399888
90414	642475
90422	643246
90425	282973
90442	388849
90445	90523
90450	340393
90455	401089
90471	400823
90523	646670
90523	732265
90616	340204
90660	100141515
90704	339263
90738	344787
90772	256158
90784	645922
90787	643812
90788	6672
90789	152789
90802	100130301
90852	2717
90855	6133
90857	6191
90874	1457
90878	4141
90880	2653
90882	256148
90883	1785
90887	26100
90888	1968
90894	28998
90897	56681
90898	5372
90902	159195
90905	51128
90906	8568
90913	11159
90915	6227
90926	6208
90938	26873
90945	389
90946	85012
90949	10801
90953	10650
90955	84289
91149	51114
91153	27030
92693	29957
93492	8394
94517	5716
95094	51144
96059	51706
96163	9717
96916	545
97412	51179
97668	5007
98024	114879
98398	100137047
99373	160851
99709	3294
99710	5047
99711	5062
99712	5571
99716	6642
99726	8818
99728	9322
99729	547
99732	9108
99735	1072
99740	55964
99775	80119
99786	23708
99789	5052
99835	23095
99837	51116
99843	56128
99845	56888
99848	57826
99851	26048
99855	79814
99867	85508
99903	65010
99988	100505753
100008	387522
100054	8527
100071	203859
100077	283991
100093	100129654
100128	3299
100167	100130733
100207	149986
100289	79747
100292	57509
100316	205
100376	11217
100509	653499
100509	3963
100530	3098
100542	219417
100549	414301
100558	55692
100569	84513
100572	26225
100592	10239
100608	5501
100610	11080
100630	5706
100632	53916
100644	8395
100660	83693
100661	10524
100678	84061
100680	6196
100682	63950
100707	55831
100714	134147
100715	9086
100724	51109
100743	7531
100773	10873
100777	64777
100780	814
100781	10434
100799	1915
100830	246175
100834	58190
100845	1455
100849	7171
100868	23192
100930	5834
100934	4218
100935	85465
100939	23305
100945	253314
100946	55532
100947	143244
100948	26175
100964	11313
100983	23048
101023	54629
101054	79935
101101	10521
101105	10452
101265	26330
101298	7320
101388	6783
101397	10486
101414	54963
101447	114880
101524	3127
101531	8528
101534	1198
101535	1195
101538	5867
101539	9397
101541	10120
101542	9958
101543	10788
101663	6733
101669	26240
101673	9725
101681	55361
101682	55362
101691	100885848
101695	221079
101696	81537
101697	81025
102013	254528
102140	90353
102151	256933
102202	126917
102370	751071
103820	147741
103824	119764
103848	7388
103874	51338
103879	201475
103883	284370
103894	7328
103956	285527
103998	1973
104027	5869
104035	1831
104042	391475
104044	100316904
104099	84940
104130	632
104136	51588
104139	56979
104140	57529
104145	57636
104159	256329
104197	8555
104282	400954
104312	375704
104374	100129271
104469	337878
104472	100125288
104477	80726
104835	100130348
104838	10850
104897	147670
104905	340168
104917	100287718
104918	255783
104923	100862671
104952	347411
105139	2280
105144	6155
105151	390321
105153	254786
105155	441911
105158	119772
105161	390072
105185	390260
105186	121129
105187	282770
105219	26740
105237	116255
105247	81469
105248	81470
105259	613227
105262	5499
105272	347468
105276	390436
105279	26735
105296	51337
105299	5688
105311	8390
105312	8386
105344	391211
105364	3449
105406	25771
105408	124093
105420	9582
105426	80345
105435	6810
105453	51399
105457	80167
105462	6130
105465	389493
105484	10473
105490	2920
105590	55304
105634	152940
105644	2657
105646	1511
105648	3310
105654	5207
105655	6699
105659	7637
105668	1068
105676	10781
105677	10971
105680	11276
105698	6698
105701	337960
105703	5733
105711	170680
105712	29035
105713	27178
105718	54876
105723	57343
105727	3443
105746	79943
105751	84659
105867	200316
105870	94137
105896	199745
105915	284369
105922	3467
105928	768239
105956	375607
105965	22941
106053	100130520
106066	594857
106097	642968
106211	341346
106257	100272147
106451	4150
106520	100049587
106591	90268
106612	100506144
106639	5646
106645	9840
106649	84726
106695	401562
106722	341568
106948	1585
107003	219469
107047	94107
107053	2597
107073	390261
107079	1911
107105	259295
107106	90576
107128	144245
107159	6201
107175	100131897
107233	282808
107244	7416
107290	374899
107305	255403
107308	140687
107317	1187
107532	6632
107623	10277
108091	150786
108091	84084
108095	55552
108104	152138
108141	400793
108152	641649
108155	729355
108155	24150
108155	653550
108155	102723713
108155	729264
108158	645414
108158	391003
108160	440585
108173	1504
108184	3002
108238	2171
108248	9720
108269	221613
108274	80329
108290	91392
109235	170960
109267	116349
109347	171484
109357	257160
109368	647042
109368	440295
109368	100133220
109368	643707
109369	374879
109375	653583
109386	9534
109413	100130311
109421	100130274
109462	729993
109576	100129094
109609	100129239
109609	100133053
109671	401335
109744	100133301
109845	100131539
109865	648791
110155	285346
110156	374860
110158	222696
110165	401097
110172	146227
110174	100130519
110175	7643
110209	100128496
110214	253650
110349	401024
110355	256006
110436	4153
110439	3861
110440	95
110441	216
110515	26539
110531	391114
110537	4992
110550	119765
110586	346528
110586	402317
110643	6209
110648	60
110649	6125
110661	94033
110676	3146
110677	26301
110678	820
110703	55754
110705	3050
110708	3113
110725	1981
110727	3816
110735	6749
110745	10204
110750	6206
110760	9287
110783	6431
110794	3046
110801	57191
110830	145226
110852	339221
110853	11338
110867	6218
110886	79753
110905	6944
110918	84243
110932	56098
110933	56097
110934	56105
110962	6732
111009	4340
111010	5987
111037	83661
111041	374308
111044	55600
111050	816
111053	23521
111061	1466
111129	12
111144	387775
111318	317772
111391	1576
111694	1452
111783	8301
111871	25820
111880	10564
111992	122622
113207	6154
113300	27429
113390	374569
113391	644150
113454	57030
113464	727866
113464	29057
113516	10331
113534	83482
113556	909
113557	2997
113560	3682
113565	5152
113592	9480
113602	7738
113707	274
113729	478
113735	30817
113739	126541
113740	27288
113741	27306
113742	23198
113747	26290
113749	55016
113752	56121
113762	3444
113769	480
113770	10129
113773	79725
113783	27231
113799	94027
113882	5872
114328	112476
114383	91133
114397	2186
114409	337959
114414	341350
114502	29990
114633	442191
114741	646754
115256	8605
115302	360200
115380	10443
115468	10
115470	219
115474	2949
115477	6157
115501	283092
115513	26492
115528	26648
115535	26494
115565	64326
115574	6139
115578	54
115597	140735
115598	80308
115622	10228
115647	2747
115649	112401
115665	56132
115690	55312
115736	574537
115744	386675
115748	115399
115787	158046
115814	256471
115908	56474
115910	10440
115911	55291
115928	25758
115929	3428
115930	552889
115933	5607
116010	83719
116067	23089
116071	723790
116071	8337
116086	100996758
116086	5540
116108	375190
116234	5337
116462	57016
117389	7365
117445	84307
117451	55294
117457	7694
117458	8536
117476	163059
117615	7705
117682	11180
117695	2921
117697	3442
117700	10308
117702	8795
117703	8871
117713	7565
117948	1558
117962	56141
117975	9668
117983	55062
117984	54579
117988	100499483
117990	3451
117991	57834
117998	79149
118007	5042
119667	85235
119890	55659
120227	285349
120241	441864
120247	140432
120257	353333
120258	152687
120261	388015
120270	386685
120348	100288814
120496	728276
120819	100133251
120819	100131608
120934	5657
121371	390245
121490	4069
121491	5160
121492	2944
121495	4306
121500	402135
121503	441639
121514	120775
121565	7166
121567	26017
121568	1917
121570	8464
121574	5566
121585	273
121586	343406
121587	391194
121590	390433
121591	81327
121598	378951
121598	378948
121598	378949
121598	378950
121598	5940
121598	159163
121600	25920
121602	51207
121612	140032
121614	6036
121617	57084
121621	4109
121622	56903
121627	340529
121634	27315
121635	7168
121637	4110
121650	1456
121661	84301
121673	440270
121673	23015
121676	7360
121695	1454
121702	58
121703	23163
121711	643596
121718	5567
121721	25850
121722	644353
121749	219293
121754	79908
121755	41
121756	3240
121778	342184
121779	80108
121782	112724
121829	83858
121858	57118
121860	206358
121891	79956
121902	7813
121907	5303
121932	400451
121937	25994
121939	57475
121963	644943
121969	100287477
121979	6419
121995	729238
121999	102723722
122002	102723955
122029	115196
122030	162962
122031	10840
122072	7626
122077	285989
122080	100129669
122081	728392
122114	221710
122116	440498
122118	120146
122118	642446
122122	342900
122125	643376
122129	729956
122130	285550
122131	389763
122131	389761
122131	389762
122133	140873
122135	360030
122136	65982
122138	1359
122139	3448
122140	5266
122141	5645
122143	7718
122145	8688
122146	9310
122147	1673
122147	100289462
122148	4820
122152	11037
122153	5003
122202	57089
122206	3250
122214	100288797
122220	100996648
122240	83900
122243	285175
122246	84929
122414	250
122432	10349
122630	119180
122774	148268
122787	133688
122788	140564
122790	147694
122792	256076
122893	284306
122897	388468
122921	150248
122947	142827
123250	642249
123251	642778
123251	642799
123251	9284
123251	100288332
123251	101059953
123251	101059938
123434	646851
123510	401124
123521	80133
123536	94026
123581	100287294
123581	402269
123583	442319
123775	492
123780	127068
123780	343173
123798	1163
123803	390038
123817	1977
123820	3117
123823	3823
123829	9024
123845	72
123852	170261
123874	441518
123880	4622
123885	345062
123896	226
123905	1759
123914	7323
123915	442590
123916	6009
123926	23325
123930	407977
123932	325
123934	523
123939	114299
123965	9189
123971	6499
123981	3140
123986	998
124071	1786
124162	30836
124163	8933
124176	84503
124204	3938
124206	90378
124236	3754
124247	1820
124271	55065
124277	100652824
124284	221150
124353	285679
124356	9780
124374	5462
124386	9674
124387	100132963
124392	10795
124393	90736
124404	644041
124406	647589
124412	3805
124414	4624
124416	7143
124417	7455
124421	3801
124422	3817
124423	143
124425	4509
124432	55197
124438	125488
124458	6614
124461	23013
124471	57047
124473	57719
124481	114780
124486	100132386
124591	392392
124643	266977
124673	80174
124711	162605
124823	100505724
124838	100506422
124881	100506127
125376	266553
125593	100506859
128031	2525
128032	3048
128033	6288
128034	54658
128035	1584
128036	2688
128037	3045
128039	1401
128040	5004
128044	1579
128045	1580
128047	6136
128048	6144
128054	8388
128063	390439
128064	284532
128067	127066
128070	390054
128075	144125
128078	219986
128086	390167
128087	390168
128089	219477
128093	81318
128109	403277
128141	135948
128143	390883
128144	125962
128149	26341
128151	26211
128155	219428
128156	81328
128157	403253
128162	403273
128170	7594
128174	283767
128174	727832
128174	102723623
128174	440243
128179	401535
128182	6207
128183	414236
128185	391190
128186	390142
128187	514
128188	388115
128189	2824
128190	245911
128191	431705
128192	23673
128197	10728
128199	2328
128200	5358
128202	7295
128214	158983
128215	283160
128216	130120
128225	6539
128226	3159
128227	23436
128229	112714
128235	51123
128237	445347
128238	445372
128243	145447
128244	3042
128246	81168
128250	26682
128250	81099
128250	79501
128251	7364
128252	126017
128262	127059
128263	127069
128265	122740
128266	390429
128267	401994
128268	401666
128269	283111
128270	442186
128272	81392
128275	1379
128276	219539
128279	390271
128279	26595
128292	9478
128301	5634
128307	492311
128309	440068
128310	2086
128316	474383
128316	8263
128316	474384
128318	23285
128326	56936
128332	90333
128347	1442
128347	1443
128348	60489
128351	79168
128352	3105
128353	30835
128355	50839
128357	93621
128358	55335
128359	2060
128364	8748
128365	338821
128366	64860
128367	494119
128368	494197
128373	169981
128374	400735
128374	441873
128374	645359
128374	440561
128374	343068
128374	653619
128374	343070
128376	399726
128379	121275
128386	245934
128391	11262
128393	391002
128393	441871
128399	22999
128400	9235
128404	414318
128406	7334
128409	219348
128410	56127
128411	56124
128413	163087
128415	2995
128418	7316
128426	8349
128432	7167
128433	388199
128434	390927
128438	85290
128439	146206
128447	60494
128466	9470
128467	9068
128474	100506564
128480	100526783
128480	348110
128482	139425
128483	203413
128489	3841
128491	2882
128500	388567
128501	390980
128504	56123
128511	51030
128512	4629
128514	4830
128516	170487
128518	92345
128524	57573
128529	100526694
128538	152586
128539	374928
128565	2832
128570	3738
128575	55766
128578	9734
128584	969
128594	8970
128596	8338
128597	7769
128598	347517
128601	57119
128604	1670
128606	6387
128607	613209
128610	93233
128613	116443
128615	728118
128615	729262
128618	100507055
128621	417
128623	8529
128624	3665
128630	634
128632	51755
128640	388333
128642	2797
128645	8824
128654	149473
128660	57026
128661	8644
128697	641372
128699	6522
128701	147166
128704	245915
128708	342909
128711	56180
128723	79844
128728	139728
128731	163351
128732	162972
128733	645121
128737	388558
128739	644809
128744	375757
128745	650293
128746	22848
128756	728358
128756	1667
128756	1668
128757	2689
128762	10715
128787	391004
128791	10106
128795	25884
128798	259289
128801	1048
128807	133558
128811	9332
128815	3429
128817	752014
128838	81876
128916	84696
128920	6799
128937	80201
128982	6210
129020	6165
129115	1073
129146	11014
129170	9604
129172	150472
129218	4673
129366	1514
129474	6508
129502	4337
129509	79955
129514	8608
129517	474382
129517	83740
129517	474381
129534	4707
129539	5161
129540	102723903
129541	84868
129555	342933
129559	26071
129563	386676
129567	1729
129583	388960
129584	85452
129585	57597
129589	140688
129593	728269
129593	4108
129600	251
129601	9828
129602	79937
129603	166815
129604	64757
129611	56109
129613	56145
129614	9752
129620	64219
129622	3812
129625	381
129635	7710
129636	339210
129638	653404
129638	286380
129653	548644
129653	246721
129655	100289187
129656	63920
129664	445577
129667	100132994
129667	100130361
129670	440515
129671	653427
129671	349334
129673	285643
129674	389073
129688	727940
129688	84528
129692	54620
129696	353497
129701	80833
129704	1418
129705	400410
129707	10782
129708	23483
129711	169834
129712	199800
129719	100131439
129720	5166
129721	79744
129731	147923
129737	79465
129743	266675
129755	5144
129758	101060200
129760	56978
129763	81851
129771	10332
129785	339287
129795	220359
129806	8797
129823	53842
129832	6407
129835	4627
129842	8110
129848	9556
129854	5441
129856	27350
129857	54065
129861	375686
129864	6019
129867	284293
129871	100288801
129876	100144748
129878	84948
129879	124739
129880	10136
129895	170679
129901	100131902
129902	448835
129908	100169851
129909	55634
129921	910
129922	124411
129927	3115
129935	6538
129936	201158
129946	92552
129949	838
129951	644974
129952	170067
129956	284371
129958	100129583
129959	654254
129960	653333
129960	100287013
129962	353299
129964	163050
129966	7499
129967	1240
129971	346007
129973	79640
129977	642623
129984	10780
129985	347744
129986	90665
129987	10086
129988	401285
129988	6953
129992	85379
129993	728262
129993	100132403
129996	400713
129998	285941
130004	100170229
130005	399697
130007	387700
130008	257202
130011	79825
130013	441234
130014	100129842
130015	730291
130025	162963
130026	81856
130029	347088
130030	84547
130031	100130933
130034	644538
130035	100129361
130039	388588
130041	8875
130043	55786
130044	150356
130045	414152
130046	100130086
130046	100506164
130047	286436
130049	100288323
130050	10071
130051	100302736
130054	91156
130056	100303755
130057	57115
130058	92482
130059	645961
130066	100381270
130099	8972
130105	163255
130350	170482
130354	100431172
130355	256223
130357	92340
130358	100271846
130362	3227
130365	9436
130366	6636
130368	81870
130370	730159
130371	100289678
130372	200810
130373	642612
130373	57093
130374	100287482
130375	100507588
130376	100129520
130378	100132146
130379	574414
130380	100329135
130381	100507203
130382	100500938
130392	286749
130394	145788
130395	100526693
130396	100507679
130398	55249
130401	100526767
130403	93273
130408	57461
130411	729648
130415	54777
130417	9324
130418	728577
130420	401388
130429	84527
130445	196792
130446	5032
130447	100533496
130448	100533997
130448	4104
130449	374900
130452	100506243
130454	100288695
130454	96626
130458	8577
130459	8334
130462	55211
130464	283116
130465	10216
130470	100507341
130472	353355
130473	645426
130473	728229
130478	643988
130479	389676
130480	100287898
130481	100288413
130482	283403
130486	729220
130487	400950
130489	100287036
130491	170712
130495	946
130497	1084
130498	1178
130499	1671
130500	2359
130502	4058
130505	4680
130506	5068
130508	5364
130509	5672
130511	6406
130513	6846
130514	9422
130515	7639
130516	7693
130517	7695
130518	7700
130519	7712
130523	8547
130524	338674
130529	9142
130530	9201
130531	9220
130533	8681
130534	3008
130536	3080
130537	10141
130538	10209
130542	4501
130544	6700
130545	6134
130546	8270
130547	8843
130549	4951
130552	10476
130554	6248
130555	10638
130556	10744
130557	10794
130558	3225
130559	6317
130561	7582
130563	10384
130564	11188
130626	56144
130637	118471
130642	3224
130650	7273
130655	23430
130656	25763
130657	9874
130658	23538
130662	7768
130663	7767
130665	26532
130666	28990
130667	3802
130667	3804
130668	27036
130669	27180
130670	27287
130671	27300
130672	7772
130673	29970
130674	7556
130675	26157
130676	51121
130677	51438
130678	23524
130679	51270
130684	2938
130686	54798
130687	54807
130689	54830
130690	54860
130691	54925
130692	55096
130696	55798
130697	55900
130700	56139
130705	7574
130708	56918
130710	57116
130712	57519
130714	348327
130717	7363
130718	7568
130719	58492
130722	59082
130723	59348
130724	63904
130728	90592
130732	80317
130734	79680
130739	79891
130741	80099
130742	80235
130743	80328
130755	64231
130761	101929469
130773	339779
130792	83935
130794	10929
130795	84366
130796	84436
130799	85026
130800	55998
130802	6359
130803	85285
130805	91120
130806	91151
130899	113835
130900	90649
130901	116093
130916	118430
130945	100130097
130979	6916
130985	10231
130991	140706
130992	92292
131008	170627
131057	147686
131058	65012
131080	93349
131081	113146
131086	135250
131088	8148
131089	245802
131117	144132
131119	90589
131121	90338
131124	201798
131141	26664
131145	126068
131147	126070
131148	130872
131149	132332
131150	146540
131151	146723
131152	147664
131153	158506
131154	168374
131158	221656
131161	170685
131162	139105
131166	138474
131184	267002
131186	127670
131187	280664
131189	282618
131191	64693
131196	139135
131199	284309
131200	284756
131202	286122
131207	283579
131212	253639
131213	283416
131217	375484
131228	347688
131234	340719
131238	128646
131239	139170
131241	339500
131242	353149
131244	286234
131245	353219
131246	284827
131255	132724
131256	139422
131257	203562
131258	284312
131259	284805
131260	342926
131269	285498
131270	10917
131274	162966
131275	285268
131279	376267
131281	386682
131283	158293
131288	91227
131289	84798
131290	151313
131291	152110
131321	389874
131323	114932
131343	54843
131347	344561
131349	388569
131351	400359
131352	400360
131353	400591
131371	125919
131408	102724536
131487	284257
131489	100287651
131525	101059915
131563	390877
131587	100131755
131593	7627
131623	100132731
131626	81466
131646	30848
131669	100423062
131669	3543
131698	440533
131709	285556
131714	285311
131723	392288
131784	101928603
131856	441459
131934	728597
131960	729159
131961	728741
131961	100507607
131961	728734
131961	440348
131981	400499
131998	400986
132009	56967
132010	100652777
132015	102724543
132029	101929983
132032	79024
132038	644070
132057	102724742
132087	100861412
132095	654502
132205	392275
132215	100129543
132216	100128905
132218	645202
132218	100132202
132261	283685
132323	400629
132326	138881
132609	100996482
132686	342850
132797	388559
133013	3283
133014	6160
133015	127074
133031	254973
133038	390892
133050	353088
133052	548313
133052	6759
133053	728373
133053	728386
133053	728419
133053	728369
133053	728405
133053	728379
133053	728400
133053	728393
133053	100287441
133053	100287178
133053	100287364
133053	100287205
133053	100287478
133053	100287238
133053	100287327
133053	100288520
133053	100287404
133053	100287513
133053	100287144
133054	285440
133055	54205
133063	8655
133069	79295
133073	441521
133073	102723631
133076	90317
133078	810
133080	3107
133085	445329
133085	6818
133086	114769
133121	3134
133125	283238
133143	6202
133152	387332
133162	79895
133193	55199
133194	645425
133207	440335
133212	8290
133226	727837
133226	6757
133234	648044
133236	100506736
133248	162968
133251	100289561
133254	1485
133254	246100
133255	3135
133260	5544
133261	10485
133262	7576
133263	7592
133272	834
133273	2712
133275	2999
133281	54575
133281	54576
133281	54577
133281	54600
133282	57054
133291	94025
133302	90827
133339	26231
133341	91664
133350	4589
133351	255057
133356	202134
133356	285596
133438	144535
133465	100996746
133465	102723849
133474	390598
133481	100131107
133499	84968
133526	729461
133526	642643
133526	653203
133526	101060157
133526	101927859
133526	100996415
133526	100996335
133536	4584
133549	1028
133550	1565
133551	2073
133552	2074
133553	3347
133554	3857
133555	6338
133556	6521
133557	3273
133558	1308
133559	1287
133560	5395
133561	3047
133562	5005
133563	125
133564	1551
133565	1557
133566	1559
133567	1562
133568	1577
133569	6147
133570	6159
133571	6170
133572	6166
133573	6176
133574	6181
133575	6189
133576	6192
133581	283365
133594	196335
133595	390079
133596	120793
133601	26496
133606	390191
133608	390155
133610	390154
133617	138804
133620	26659
133623	390882
133645	390084
133653	26538
133662	390152
133683	219865
133713	100287226
133718	4619
133720	256892
133726	284433
133728	26529
133729	163223
133736	414899
133738	425054
133739	219438
133740	9685
133742	65095
133743	231
133745	445582
133745	728378
133752	283106
133755	161291
133759	2633
133765	6656
133768	1992
133769	348938
133770	9092
133777	925
133778	7652
133779	4363
133783	8125
133784	646817
133790	2813
133800	51171
133801	7110
133802	54874
133803	1984
133807	389524
133807	84163
133808	338567
133812	400668
133813	135656
133815	5535
133816	114928
133816	100528062
133818	7757
133824	7737
133825	391191
133833	92840
133838	391192
133839	391196
133862	55573
133868	23168
133871	100526842
133873	518
133879	4831
133880	390078
133881	390326
133882	219473
133885	333932
133886	441608
133887	442361
133888	219965
133889	390144
133890	403282
133891	343172
133893	6230
133894	4678
133895	123169
133897	390190
133898	282763
133900	4849
133907	1429
133911	2867
133914	22976
133920	391722
133923	10218
133929	55578
133930	375
133932	6307
133933	4676
133934	1781
133938	59
133942	6879
133948	57109
133950	158931
133951	51246
133957	7366
133972	342538
133978	10365
133981	6838
133984	6472
133986	23397
133998	277
133998	276
133998	278
134000	81608
134003	388561
134004	7561
134005	55740
134006	439921
134012	221491
134013	441150
134018	3133
134026	11024
134027	10990
134028	11025
134029	3106
134030	2527
134032	440567
134037	51729
134041	150297
134042	352999
134043	394263
134044	284541
134045	7169
134051	10772
134066	9906
134069	200916
134073	4103
134075	144983
134076	3118
134085	8899
134086	10262
134090	86614
134090	159119
134095	84081
134103	26286
134108	503835
134110	200232
134111	389898
134112	6398
134113	8353
134114	1645
134114	1646
134118	60592
134119	11337
134126	11052
134137	343069
134137	440563
134138	388667
134139	389151
134140	440093
134141	442444
134144	101928991
134153	10813
134156	100820829
134166	388698
134170	3020
134170	3021
134173	542767
134179	2321
134180	84134
134183	389860
134183	203569
134193	83884
134201	3014
134206	55854
134225	100529239
134226	9213
134231	2875
134234	8364
134236	200350
134244	27068
134253	5824
134268	56898
134275	203547
134276	345651
134277	26135
134283	9318
134286	145501
134288	29777
134294	4725
134302	56125
134303	56122
134304	100861540
134305	8330
134307	168537
134314	7280
134317	221476
134318	154872
134320	400736
134320	65121
134320	65122
134321	284323
134324	79973
134325	79576
134327	163859
134331	23087
134332	8350
134333	248
134334	7307
134334	102724594
134335	574028
134343	2023
134361	26140
134369	667
134384	2879
134398	4858
134420	23710
134421	55677
134424	26762
134432	6430
134437	5163
134442	8348
134444	441273
134444	729597
134444	100310812
134445	125893
134446	6432
134447	63933
134448	552900
134448	654483
134461	8365
134463	8367
134466	8370
134468	121504
134472	8968
134474	8362
134475	126961
134476	8329
134478	8360
134479	8356
134481	8359
134482	8294
134485	8355
134487	8351
134489	653604
134491	8357
134492	8363
134493	8366
134494	554313
134495	8352
134496	8354
134501	10858
134504	5478
134510	54825
134515	4113
134524	100129128
134527	10376
134529	4239
134534	245936
134536	79169
134538	54552
134540	54984
134542	55611
134543	6628
134544	6923
134548	6433
134554	10189
134555	25804
134556	26097
134585	641371
134588	26025
134594	245937
134601	641654
134602	79966
134603	245910
134603	503614
134605	245939
134613	9669
134614	284083
134623	5644
134624	7756
134625	283948
134626	11155
134627	100506084
134627	51326
134637	728957
134637	100132396
134640	646962
134643	148137
134644	7644
134646	140453
134655	199746
134656	50854
134658	3024
134659	503841
134659	245909
134660	84992
134662	284194
134663	280
134664	3178
134676	60682
134711	7155
134736	7936
134740	3017
134741	10199
134742	7278
134742	113457
134772	8345
134785	4199
134804	805
134804	801
134804	808
134838	79612
134867	1938
134887	51619
134950	6817
135027	146802
135259	653269
135298	5527
135484	10720
135501	122011
135508	347442
135584	4082
135593	284443
135601	4115
135604	84707
135613	55859
135617	768206
135630	102724334
135631	25873
135639	129080
135640	126433
135663	3895
135666	1397
135674	1350
135689	729747
135690	390874
135701	390999
135702	643905
135703	728656
135703	63947
135705	259292
135706	25930
135707	8621
135708	55614
135711	55930
135713	353323
135715	6885
135719	56146
135720	56137
135729	9889
135741	4211
135742	3883
135743	83692
135753	100037417
135760	653784
135761	100038246
135764	644019
135764	445571
135766	728318
135786	653220
135786	653067
135787	653486
135787	147199
135788	259293
135791	3012
135792	349565
135794	11017
135795	11105
135799	148198
135799	57615
135809	645090
135814	25827
135816	6932
135821	29991
135835	3305
135849	653820
135852	142683
135854	81871
135855	196415
135856	253970
135863	7270
135865	4839
135866	3270
135870	56136
135871	654790
135874	196993
135918	3811
135919	3822
135921	9406
135922	54883
135923	5453
135927	6597
135942	84908
135943	347541
135944	8346
135951	6707
135952	55131
135961	8341
135975	136371
135980	85236
135982	8335
135983	353500
135994	222183
136000	102724770
136000	8214
136006	91646
136011	100132463
136025	4666
136037	51634
136047	145781
136055	338872
136060	645864
136062	100996637
136069	2130
136079	81872
136092	4671
136093	728224
136094	102724428
136094	150094
136097	6272
136124	64816
136125	51422
136130	29989
136139	11148
136162	100127889
136171	387836
136176	57708
136177	176
136178	401505
136182	389152
136195	100132247
136195	23117
136195	440345
136195	728888
136198	100885850
136199	10410
136201	283933
136205	4184
136214	340895
136217	79635
136218	29125
136220	23499
136235	730051
136236	342931
136236	729974
136238	387882
136239	139804
136240	441250
136245	643311
136248	8368
136252	9722
136253	23148
136256	387707
136264	440689
136269	494115
136272	100529215
136282	647024
136283	100131980
136284	256227
136285	4703
136289	54596
136290	267020
136295	93099
136296	730087
136297	57502
136304	259290
136308	162461
136310	401115
136314	2334
136329	441457
136329	54754
136334	100506374
136342	10658
136343	84671
136344	126231
136353	10046
136358	8343
136364	5669
136365	22900
136368	5244
136398	80164
136401	10138
136405	8739
136411	445815
136414	342892
136415	100134444
136416	100130967
136429	11118
136439	58517
136440	100528032
136440	22914
136442	100529063
136445	100529097
136447	102723899
136449	10877
136462	374383
136463	100529241
136464	100529261
136465	9584
136473	100532726
136477	4582
136478	53840
136481	100507527
136483	55593
136488	4691
136490	10618
136491	554223
136493	837
136494	389831
136494	102724219
136494	102723360
136494	102724441
136494	102724951
136494	102724843
136495	729059
136496	100507462
136496	101926982
136497	2641
136502	89758
136503	140776
136504	100130480
136505	100130880
136506	100506650
136507	55885
136508	81789
136511	5757
136512	27086
136516	8498
136517	7141
136518	64925
136521	1539
136522	79818
136523	84616
136524	80759
136530	4496
136536	4502
136546	256021
136551	6576
136552	388813
136553	149373
136556	51066
136557	645836
136557	645402
136557	392188
136557	377630
136557	401447
136559	728255
136560	100533177
136561	100288966
136561	317754
136562	729420
136614	7355
136628	647219
136632	643355
136635	3123
136636	136227
136638	92104
136640	441155
136641	441490
136642	100129385
136643	283171
136717	101243544
136720	100287399
136720	100996331
136721	100996634
136722	100996485
136729	388282
136730	100861519
136731	25906
136732	283080
136733	100506115
136734	643365
136735	6756
136737	100131303
136738	2101
136739	100533178
136740	4734
136742	100996693
136743	158405
136744	554282
136744	728833
136745	101928093
136746	101929372
136747	400863
136748	2919
136749	341
136750	1089
136751	2312
136752	2996
136753	3446
136754	3884
136755	4583
136756	727897
136757	4660
136758	5350
136759	5473
136760	5675
136761	5676
136762	5763
136763	6037
136764	6631
136765	6635
136766	7678
136767	8091
136768	8332
136769	8336
136770	8339
136771	8340
136772	8342
136773	8344
136774	8347
136775	8358
136776	8361
136777	8471
136778	8793
136779	8976
136780	1038
136781	1345
136782	2346
136783	9098
136784	6238
136785	5555
136786	5822
136786	102724159
136787	648
136788	3005
136789	3009
136790	5420
136791	9626
136792	3151
136793	3713
136794	3854
136795	10224
136796	10250
136797	10288
136798	752
136799	4494
136800	4504
136801	10321
136802	4900
136803	5903
136804	374286
136805	10578
136806	10763
136807	1730
136808	10941
136809	10949
136811	3447
136811	3439
136812	5930
136813	521
136814	7940
136815	8175
136816	11281
137174	375346
137201	6450
137202	40
137208	4112
137225	54490
137233	2635
137237	4586
137244	9908
137247	26188
137257	29121
137258	29979
137308	26239
137309	30816
137310	22874
137311	23067
137312	25890
137313	26083
137315	51276
137316	51286
137325	54753
137326	55138
137327	55762
137328	54458
137329	115361
137331	26528
137334	56776
137335	56260
137339	56911
137340	56935
137341	56947
137342	10942
137343	57482
137344	57547
137345	10214
137346	6758
137347	10878
137348	3018
137349	8969
137350	3013
137351	7562
137355	59351
137357	92815
137358	6343
137360	63970
137368	65988
137372	79788
137373	80111
137374	57730
137392	81850
137397	80863
137401	79365
137402	26333
137403	81611
137404	83416
137407	83755
137408	83855
137409	83897
137410	83899
137411	83902
137412	84418
137413	84767
137414	84560
137420	54433
137421	728279
137422	653240
137423	85291
137424	800
137426	91734
137643	114335
137643	114336
137644	984
137645	64073
137646	6164
137647	116832
137648	155435
137655	117153
137684	54058
137685	23476
137748	100132874
137849	100132911
137850	114571
137869	90737
137871	140947
137873	154064
138181	92129
138182	116412
138185	139081
138186	26579
138188	92359
138291	92999
138292	147184
138296	388646
138300	200765
138325	259239
138326	120863
138327	124989
138328	126069
138329	157983
138330	161779
138331	163051
138332	201516
138333	129787
138335	221416
138338	202333
138361	101928558
138398	282616
138399	267012
138406	200008
138409	286887
138417	157927
138418	283463
138419	283971
138419	348174
138420	286464
138422	128977
138423	285672
138426	283316
138429	285955
138433	4493
138434	337879
138435	285464
138445	100505767
138446	199974
138450	128826
138459	140258
138460	353332
138462	148206
138473	285852
138475	386677
138476	386678
138477	386680
138478	386681
138479	386683
138483	359787
138518	7536
138519	388407
138520	56891
138615	137797
138626	285231
138629	388289
138630	388759
138631	400073
138680	100506870
138687	101928170
138707	319089
138741	101928589
138772	441239
138785	101060085
138790	102724631
138790	102723502
138794	729756
138805	101928841
138850	101060236
138881	101928897
138898	101928987
138903	101929728
138908	102724183
138917	102724904
138927	102724921
138929	102724728
138931	101060171
138932	101928947
138934	102724101
138934	102723655
138934	102724127
138936	102724014
138936	102724052
138940	653082
138943	100505498
138949	102724248
138952	101930332
138953	100288562
138953	101929627
138953	101929601
138968	102723534
138968	100996379
138975	101930420
139091	100129307
139092	646915
139216	102723407
139301	101928356
139333	100996273
139340	101060181
139342	100996761
139343	102724970
139355	646730
139369	102724335
139370	100653133
139370	101060569
139376	644717
139814	284498
139817	101059976
139818	101060017
139823	101928592
139825	100505710
139828	101929573
139832	101929758
139833	100509620
139836	100129528
139837	101926972
139842	100996405
139847	101928641
139849	101928049
139851	727978
139853	100507747
139859	101929087
139861	101926980
139864	100286906
139865	100132154
139865	100132004
139965	728441
139965	102724197
140539	101928108
140558	100996602
140559	100996571
140560	100996401
140560	100996337
140561	100996598
140562	100996274
140563	100996290
140564	100996465
140573	100996535
140574	101929301
140578	101929379
140581	101929747
140583	102724187
140586	101927420
140587	102723607
140590	102724605
140595	729800
140596	101928624
140602	101927594
140602	101927628
140602	102723942
140602	101927662
140603	388210
140607	102723900
140613	102723783
140613	102724464
140613	102724107
140615	102723934
140620	101928102
140621	100652748
140626	101929479
140629	101060183
140629	728728
140629	102723777
140629	101929819
140629	101060341
140709	101929070
140825	338667
140924	101927680
140968	101929818
140985	102723808
140991	100505573
140996	101929355
141000	101928220
141011	102724073
141032	100996365
141032	101928587
141032	100996414
141032	102724777
141033	101928970
141034	101927763
141035	100132304
141036	100506922
141037	101928195
141037	100996643
141037	101929583
141037	102724580
141038	101927789
141039	101927853
141040	644634
141040	100996721
141040	102724235
141041	101929805
141041	101929798
141054	102723572
141122	101928722
141152	728763
141208	102724737
141209	102724657
141216	101929803
141216	102723957
141216	102723511
141216	102724633
141217	100507507
141218	642131
141218	102724971
141219	102723552
141220	102724405
141220	102724844
141220	102724123
141252	646021
